,date,reproduction_rate,new_tests_smoothed,positive_rate,new_vaccinations_smoothed,stringency_index,new_cases_smoothed
0,2020-01-06,0.34,1121.0,0.0021,0.0,0.0,0.0
1,2020-01-07,0.34,1121.0,0.0021,0.0,0.0,0.0
2,2020-01-08,0.34,1121.0,0.0021,0.0,0.0,0.0
3,2020-01-09,0.34,1121.0,0.0021,0.0,0.0,0.0
4,2020-01-10,0.34,1121.0,0.0021,0.0,0.0,0.0
5,2020-01-11,0.34,1121.0,0.0021,0.0,0.0,0.0
6,2020-01-12,0.34,1121.0,0.0021,0.0,0.0,0.0
7,2020-01-13,0.34,1121.0,0.0021,0.0,0.0,0.0
8,2020-01-14,0.34,1121.0,0.0021,0.0,0.0,0.0
9,2020-01-15,0.34,1121.0,0.0021,0.0,0.0,0.0
10,2020-01-16,0.34,1121.0,0.0021,0.0,0.0,0.0
11,2020-01-17,0.34,1121.0,0.0021,0.0,0.0,0.0
12,2020-01-18,0.34,1121.0,0.0021,0.0,0.0,0.0
13,2020-01-19,0.34,1121.0,0.0021,0.0,0.0,0.0
14,2020-01-20,0.34,1121.0,0.0021,0.0,0.0,0.0
15,2020-01-21,0.34,1121.0,0.0021,0.0,0.0,0.0
16,2020-01-22,0.34,1121.0,0.0021,0.0,0.0,0.0
17,2020-01-23,0.34,1121.0,0.0021,0.0,0.0,0.0
18,2020-01-24,0.34,1121.0,0.0021,0.0,0.0,0.0
19,2020-01-25,0.34,1121.0,0.0021,0.0,5.56,0.0
20,2020-01-26,0.34,1121.0,0.0021,0.0,10.19,0.0
21,2020-01-27,0.34,1121.0,0.0021,0.0,10.19,0.0
22,2020-01-28,0.34,1121.0,0.0021,0.0,10.19,0.0
23,2020-01-29,0.34,1121.0,0.0021,0.0,10.19,0.0
24,2020-01-30,0.34,1121.0,0.0021,0.0,10.19,0.0
25,2020-01-31,0.34,1121.0,0.0021,0.0,10.19,0.0
26,2020-02-01,0.34,1121.0,0.0021,0.0,10.19,0.0
27,2020-02-02,0.34,1121.0,0.0021,0.0,10.19,0.286
28,2020-02-03,0.34,1121.0,0.0021,0.0,10.19,0.286
29,2020-02-04,0.34,1121.0,0.0021,0.0,10.19,0.286
30,2020-02-05,0.34,1121.0,0.0021,0.0,10.19,0.286
31,2020-02-06,0.34,1121.0,0.0021,0.0,10.19,0.286
32,2020-02-07,0.34,1121.0,0.0021,0.0,10.19,0.286
33,2020-02-08,0.34,1121.0,0.0021,0.0,10.19,0.286
34,2020-02-09,0.34,1121.0,0.0021,0.0,10.19,0.714
35,2020-02-10,0.34,1121.0,0.0021,0.0,10.19,0.714
36,2020-02-11,0.34,1121.0,0.0021,0.0,10.19,0.714
37,2020-02-12,0.34,1121.0,0.0021,0.0,10.19,0.714
38,2020-02-13,0.34,1121.0,0.0021,0.0,10.19,0.714
39,2020-02-14,0.34,1121.0,0.0021,0.0,10.19,0.714
40,2020-02-15,0.34,1121.0,0.0021,0.0,10.19,0.714
41,2020-02-16,0.34,1121.0,0.0021,0.0,10.19,0.0
42,2020-02-17,0.34,1121.0,0.0021,0.0,10.19,0.0
43,2020-02-18,0.34,1121.0,0.0021,0.0,10.19,0.0
44,2020-02-19,0.34,1121.0,0.0021,0.0,10.19,0.0
45,2020-02-20,0.34,1121.0,0.0021,0.0,10.19,0.0
46,2020-02-21,0.34,1121.0,0.0021,0.0,10.19,0.0
47,2020-02-22,0.34,1121.0,0.0021,0.0,10.19,0.0
48,2020-02-23,0.34,1121.0,0.0021,0.0,10.19,0.0
49,2020-02-24,0.34,1121.0,0.0021,0.0,10.19,0.0
50,2020-02-25,0.34,1121.0,0.0021,0.0,10.19,0.0
51,2020-02-26,0.34,1121.0,0.0021,0.0,10.19,0.0
52,2020-02-27,0.34,1121.0,0.0021,0.0,10.19,0.0
53,2020-02-28,0.34,1121.0,0.0021,0.0,10.19,0.0
54,2020-02-29,0.34,1121.0,0.0021,0.0,10.19,0.0
55,2020-03-01,0.34,1121.0,0.0021,0.0,10.19,0.0
56,2020-03-02,0.34,1121.0,0.0021,0.0,10.19,0.0
57,2020-03-03,0.34,1121.0,0.0021,0.0,10.19,0.0
58,2020-03-04,0.34,1121.0,0.0021,0.0,10.19,0.0
59,2020-03-05,0.34,1121.0,0.0021,0.0,26.85,0.0
60,2020-03-06,0.34,1121.0,0.0021,0.0,26.85,0.0
61,2020-03-07,0.34,1121.0,0.0021,0.0,26.85,0.0
62,2020-03-08,0.34,1121.0,0.0021,0.0,26.85,4.571
63,2020-03-09,0.34,1121.0,0.0021,0.0,26.85,4.571
64,2020-03-10,0.34,1121.0,0.0021,0.0,26.85,4.571
65,2020-03-11,0.34,1121.0,0.0021,0.0,26.85,4.571
66,2020-03-12,0.34,1121.0,0.0021,0.0,26.85,4.571
67,2020-03-13,0.34,1121.0,0.0021,0.0,41.67,4.571
68,2020-03-14,0.34,1121.0,0.0021,0.0,41.67,4.571
69,2020-03-15,1.56,1121.0,0.0021,0.0,44.44,9.714
70,2020-03-16,1.58,1121.0,0.0021,0.0,44.44,9.714
71,2020-03-17,1.72,1121.0,0.0021,0.0,44.44,9.714
72,2020-03-18,1.83,1121.0,0.0021,0.0,44.44,9.714
73,2020-03-19,2.04,1121.0,0.0021,0.0,44.44,9.714
74,2020-03-20,2.19,1125.0,0.0206,0.0,44.44,9.714
75,2020-03-21,2.28,1125.0,0.029,0.0,44.44,9.714
76,2020-03-22,2.26,1121.0,0.0361,0.0,100.0,36.143
77,2020-03-23,2.2,1462.0,0.0371,0.0,86.57,36.143
78,2020-03-24,2.11,1295.0,0.0435,0.0,86.57,36.143
79,2020-03-25,2.09,1717.0,0.0417,0.0,100.0,36.143
80,2020-03-26,2.06,1871.0,0.0407,0.0,100.0,36.143
81,2020-03-27,2.1,1902.0,0.0483,0.0,100.0,36.143
82,2020-03-28,2.07,2195.0,0.0428,0.0,100.0,36.143
83,2020-03-29,2.13,2492.0,0.036,0.0,100.0,88.429
84,2020-03-30,2.3,2445.0,0.0439,0.0,100.0,88.429
85,2020-03-31,2.44,2905.0,0.0423,0.0,100.0,88.429
86,2020-04-01,2.59,2776.0,0.069,0.0,100.0,88.429
87,2020-04-02,2.47,3076.0,0.0843,0.0,100.0,88.429
88,2020-04-03,2.29,5937.0,0.0404,0.0,100.0,88.429
89,2020-04-04,2.28,6984.0,0.0429,0.0,100.0,88.429
90,2020-04-05,2.27,7870.0,0.0465,0.0,100.0,342.143
91,2020-04-06,2.23,9036.0,0.0558,0.0,100.0,342.143
92,2020-04-07,2.06,10403.0,0.0537,0.0,100.0,342.143
93,2020-04-08,1.9,11906.0,0.047,0.0,100.0,342.143
94,2020-04-09,1.83,13851.0,0.0431,0.0,100.0,342.143
95,2020-04-10,1.77,13155.0,0.0546,0.0,100.0,342.143
96,2020-04-11,1.69,14203.0,0.054,0.0,100.0,342.143
97,2020-04-12,1.63,15173.0,0.0529,0.0,100.0,711.714
98,2020-04-13,1.59,16641.0,0.0487,0.0,100.0,711.714
99,2020-04-14,1.55,18697.0,0.0472,0.0,100.0,711.714
100,2020-04-15,1.48,20954.0,0.0437,0.0,100.0,711.714
101,2020-04-16,1.46,22578.0,0.0424,0.0,100.0,711.714
102,2020-04-17,1.46,24828.0,0.0389,0.0,100.0,711.714
103,2020-04-18,1.46,27536.0,0.0377,0.0,100.0,711.714
104,2020-04-19,1.46,29405.0,0.0409,0.0,100.0,1050.857
105,2020-04-20,1.4,30650.0,0.0377,0.0,96.3,1050.857
106,2020-04-21,1.39,31104.0,0.0395,0.0,96.3,1050.857
107,2020-04-22,1.36,29569.0,0.0437,0.0,96.3,1050.857
108,2020-04-23,1.36,28227.0,0.0488,0.0,96.3,1050.857
109,2020-04-24,1.34,29524.0,0.0492,0.0,96.3,1050.857
110,2020-04-25,1.33,29691.0,0.0508,0.0,96.3,1050.857
111,2020-04-26,1.32,31960.0,0.0459,0.0,96.3,1540.571
112,2020-04-27,1.31,33388.0,0.0467,0.0,96.3,1540.571
113,2020-04-28,1.33,36302.0,0.0442,0.0,96.3,1540.571
114,2020-04-29,1.34,41312.0,0.0404,0.0,96.3,1540.571
115,2020-04-30,1.37,47094.0,0.0358,0.0,96.3,1540.571
116,2020-05-01,1.42,51552.0,0.0353,0.0,96.3,1540.571
117,2020-05-02,1.44,56629.0,0.0338,0.0,96.3,1540.571
118,2020-05-03,1.47,60163.0,0.0347,0.0,96.3,1926.286
119,2020-05-04,1.49,63059.0,0.0385,0.0,81.94,1926.286
120,2020-05-05,1.46,67888.0,0.038,0.0,81.94,1926.286
121,2020-05-06,1.43,72288.0,0.0394,0.0,81.94,1926.286
122,2020-05-07,1.39,75316.0,0.0408,0.0,81.94,1926.286
123,2020-05-08,1.36,76448.0,0.0419,0.0,81.94,1926.286
124,2020-05-09,1.34,78121.0,0.0423,0.0,81.94,1926.286
125,2020-05-10,1.33,80370.0,0.0438,0.0,81.94,3279.857
126,2020-05-11,1.3,80922.0,0.043,0.0,81.94,3279.857
127,2020-05-12,1.29,81090.0,0.0439,0.0,81.94,3279.857
128,2020-05-13,1.28,82496.0,0.0434,0.0,81.94,3279.857
129,2020-05-14,1.28,84233.0,0.0435,0.0,81.94,3279.857
130,2020-05-15,1.29,86023.0,0.0433,0.0,81.94,3279.857
131,2020-05-16,1.31,87295.0,0.0456,0.0,81.94,3279.857
132,2020-05-17,1.32,88372.0,0.0461,0.0,81.94,3998.286
133,2020-05-18,1.33,89872.0,0.047,0.0,81.94,3998.286
134,2020-05-19,1.35,92098.0,0.0499,0.0,81.94,3998.286
135,2020-05-20,1.34,94020.0,0.0516,0.0,81.94,3998.286
136,2020-05-21,1.34,95554.0,0.0542,0.0,81.94,3998.286
137,2020-05-22,1.33,97069.0,0.0574,0.0,81.94,3998.286
138,2020-05-23,1.31,100074.0,0.0582,0.0,81.94,3998.286
139,2020-05-24,1.29,102254.0,0.0598,0.0,81.94,5848.714
140,2020-05-25,1.28,104400.0,0.0611,0.0,81.94,5848.714
141,2020-05-26,1.26,103122.0,0.0614,0.0,81.94,5848.714
142,2020-05-27,1.26,104253.0,0.0631,0.0,81.94,5848.714
143,2020-05-28,1.26,106602.0,0.0632,0.0,81.94,5848.714
144,2020-05-29,1.26,109201.0,0.0637,0.0,81.94,5848.714
145,2020-05-30,1.26,110972.0,0.0649,0.0,81.94,5848.714
146,2020-05-31,1.26,113372.0,0.0656,0.0,81.94,7182.143
147,2020-06-01,1.25,114802.0,0.0665,0.0,87.5,7182.143
148,2020-06-02,1.25,119994.0,0.0671,0.0,87.5,7182.143
149,2020-06-03,1.25,123010.0,0.0682,0.0,87.5,7182.143
150,2020-06-04,1.24,125797.0,0.0696,0.0,87.5,7182.143
151,2020-06-05,1.22,128934.0,0.0695,0.0,87.5,7182.143
152,2020-06-06,1.21,130388.0,0.071,0.0,87.5,7182.143
153,2020-06-07,1.2,132766.0,0.072,0.0,87.5,9212.143
154,2020-06-08,1.19,133890.0,0.0721,0.0,87.5,9212.143
155,2020-06-09,1.18,135720.0,0.0726,0.0,87.5,9212.143
156,2020-06-10,1.18,136871.0,0.0728,0.0,87.5,9212.143
157,2020-06-11,1.18,138632.0,0.073,0.0,87.5,9212.143
158,2020-06-12,1.18,139581.0,0.0745,0.0,87.5,9212.143
159,2020-06-13,1.17,140409.0,0.0756,0.0,87.5,9212.143
160,2020-06-14,1.17,141747.0,0.0755,0.0,87.5,10613.429
161,2020-06-15,1.18,142814.0,0.0772,0.0,87.5,10613.429
162,2020-06-16,1.19,143565.0,0.0775,0.0,87.5,10613.429
163,2020-06-17,1.2,146132.0,0.0785,0.0,87.5,10613.429
164,2020-06-18,1.21,148075.0,0.0801,0.0,87.5,10613.429
165,2020-06-19,1.22,151883.0,0.0809,0.0,87.5,10613.429
166,2020-06-20,1.23,158473.0,0.0807,0.0,87.5,10613.429
167,2020-06-21,1.24,164087.0,0.0808,0.0,87.5,12791.286
168,2020-06-22,1.24,168051.0,0.0826,0.0,87.5,12791.286
169,2020-06-23,1.24,173807.0,0.0839,0.0,87.5,12791.286
170,2020-06-24,1.24,181236.0,0.0837,0.0,87.5,12791.286
171,2020-06-25,1.24,187302.0,0.0838,0.0,87.5,12791.286
172,2020-06-26,1.24,192800.0,0.0844,0.0,87.5,12791.286
173,2020-06-27,1.24,197173.0,0.0858,0.0,87.5,12791.286
174,2020-06-28,1.23,202939.0,0.0866,0.0,87.5,16914.0
175,2020-06-29,1.23,206838.0,0.0875,0.0,87.5,16914.0
176,2020-06-30,1.22,210134.0,0.0879,0.0,87.5,16914.0
177,2020-07-01,1.21,210525.0,0.0893,0.0,87.5,16914.0
178,2020-07-02,1.21,213627.0,0.0904,0.0,87.5,16914.0
179,2020-07-03,1.22,217360.0,0.0916,0.0,87.5,16914.0
180,2020-07-04,1.22,220489.0,0.0935,0.0,87.5,16914.0
181,2020-07-05,1.22,223038.0,0.0955,0.0,87.5,20615.143
182,2020-07-06,1.22,224471.0,0.0973,0.0,87.5,20615.143
183,2020-07-07,1.21,228920.0,0.0979,0.0,87.5,20615.143
184,2020-07-08,1.21,235312.0,0.0987,0.0,87.5,20615.143
185,2020-07-09,1.21,240666.0,0.0999,0.0,87.5,20615.143
186,2020-07-10,1.22,246677.0,0.1,0.0,87.5,20615.143
187,2020-07-11,1.22,252410.0,0.0998,0.0,87.5,20615.143
188,2020-07-12,1.23,256870.0,0.1006,0.0,87.5,25198.286
189,2020-07-13,1.24,262371.0,0.1019,0.0,87.5,25198.286
190,2020-07-14,1.24,268773.0,0.103,0.0,87.5,25198.286
191,2020-07-15,1.25,276985.0,0.104,0.0,87.5,25198.286
192,2020-07-16,1.26,285523.0,0.1051,0.0,87.5,25198.286
193,2020-07-17,1.26,292604.0,0.1065,0.0,87.5,25198.286
194,2020-07-18,1.27,303820.0,0.1073,0.0,87.5,25198.286
195,2020-07-19,1.27,314959.0,0.1088,0.0,87.5,32580.714
196,2020-07-20,1.27,320236.0,0.1109,0.0,87.5,32580.714
197,2020-07-21,1.27,326971.0,0.1122,0.0,87.5,32580.714
198,2020-07-22,1.27,330269.0,0.1168,0.0,87.5,32580.714
199,2020-07-23,1.27,333697.0,0.1217,0.0,87.5,32580.714
200,2020-07-24,1.26,336493.0,0.1265,0.0,87.5,32580.714
201,2020-07-25,1.24,345047.0,0.1275,0.0,87.5,32580.714
202,2020-07-26,1.23,357066.0,0.127,0.0,87.5,43986.286
203,2020-07-27,1.22,394128.0,0.1177,0.0,87.5,43986.286
204,2020-07-28,1.21,421940.0,0.1146,0.0,87.5,43986.286
205,2020-07-29,1.19,431313.0,0.1137,0.0,87.5,43986.286
206,2020-07-30,1.18,445002.0,0.1113,0.0,87.5,43986.286
207,2020-07-31,1.18,486400.0,0.1054,0.0,87.5,43986.286
208,2020-08-01,1.16,501370.0,0.104,0.0,85.65,43986.286
209,2020-08-02,1.15,504357.0,0.1043,0.0,85.65,52171.571
210,2020-08-03,1.14,485151.0,0.1106,0.0,85.65,52171.571
211,2020-08-04,1.14,504266.0,0.1067,0.0,85.65,52171.571
212,2020-08-05,1.13,534380.0,0.1023,0.0,85.65,52171.571
213,2020-08-06,1.13,565567.0,0.0991,0.0,85.65,52171.571
214,2020-08-07,1.13,565060.0,0.0993,0.0,85.65,52171.571
215,2020-08-08,1.12,575502.0,0.0999,0.0,85.65,52171.571
216,2020-08-09,1.12,612101.0,0.096,0.0,85.65,57469.571
217,2020-08-10,1.11,625814.0,0.0943,0.0,85.65,57469.571
218,2020-08-11,1.1,631014.0,0.0954,0.0,85.65,57469.571
219,2020-08-12,1.09,647271.0,0.0954,0.0,85.65,57469.571
220,2020-08-13,1.08,670905.0,0.0924,0.0,85.65,57469.571
221,2020-08-14,1.07,700860.0,0.0891,0.0,85.65,57469.571
222,2020-08-15,1.07,739418.0,0.0844,0.0,85.65,57469.571
223,2020-08-16,1.06,743310.0,0.0831,0.0,85.65,62381.714
224,2020-08-17,1.07,779692.0,0.0795,0.0,85.65,62381.714
225,2020-08-18,1.07,808488.0,0.0773,0.0,85.65,62381.714
226,2020-08-19,1.07,818212.0,0.0769,0.0,85.65,62381.714
227,2020-08-20,1.07,830795.0,0.0765,0.0,85.65,62381.714
228,2020-08-21,1.07,824689.0,0.0779,0.0,85.65,62381.714
229,2020-08-22,1.07,846854.0,0.0768,0.0,85.65,62381.714
230,2020-08-23,1.07,854645.0,0.0767,0.0,85.65,65036.857
231,2020-08-24,1.08,837248.0,0.0793,0.0,85.65,65036.857
232,2020-08-25,1.08,840894.0,0.0777,0.0,85.65,65036.857
233,2020-08-26,1.1,844104.0,0.0801,0.0,85.65,65036.857
234,2020-08-27,1.11,845037.0,0.0814,0.0,85.65,65036.857
235,2020-08-28,1.11,858659.0,0.0812,0.0,85.65,65036.857
236,2020-08-29,1.11,845077.0,0.0842,0.0,85.65,65036.857
237,2020-08-30,1.11,881345.0,0.0835,0.0,85.65,71113.286
238,2020-08-31,1.11,915111.0,0.0818,0.0,85.65,71113.286
239,2020-09-01,1.11,928188.0,0.0839,0.0,81.94,71113.286
240,2020-09-02,1.11,955098.0,0.0812,0.0,81.94,71113.286
241,2020-09-03,1.11,990410.0,0.0792,0.0,81.94,71113.286
242,2020-09-04,1.11,1028757.0,0.0777,0.0,81.94,71113.286
243,2020-09-05,1.12,1047412.0,0.0779,0.0,81.94,71113.286
244,2020-09-06,1.12,1052787.0,0.0792,0.0,81.94,81582.571
245,2020-09-07,1.11,1034799.0,0.0813,0.0,76.39,81582.571
246,2020-09-08,1.11,1046471.0,0.082,0.0,76.39,81582.571
247,2020-09-09,1.1,1066782.0,0.082,0.0,76.39,81582.571
248,2020-09-10,1.1,1060722.0,0.0843,0.0,76.39,81582.571
249,2020-09-11,1.09,1059833.0,0.0858,0.0,76.39,81582.571
250,2020-09-12,1.08,1064391.0,0.086,0.0,76.39,81582.571
251,2020-09-13,1.07,1061398.0,0.0864,0.0,76.39,91506.429
252,2020-09-14,1.06,1098274.0,0.0845,0.0,76.39,91506.429
253,2020-09-15,1.05,1094592.0,0.0849,0.0,76.39,91506.429
254,2020-09-16,1.03,1089205.0,0.0856,0.0,76.39,91506.429
255,2020-09-17,1.02,1090185.0,0.0855,0.0,76.39,91506.429
256,2020-09-18,1.01,1067767.0,0.0867,0.0,76.39,91506.429
257,2020-09-19,1.0,1037861.0,0.089,0.0,76.39,91506.429
258,2020-09-20,0.99,1057162.0,0.0866,0.0,76.39,92323.286
259,2020-09-21,0.98,1021881.0,0.0884,0.0,70.83,92323.286
260,2020-09-22,0.97,1001929.0,0.0892,0.0,70.83,92323.286
261,2020-09-23,0.96,978621.0,0.0897,0.0,70.83,92323.286
262,2020-09-24,0.96,981472.0,0.0879,0.0,70.83,92323.286
263,2020-09-25,0.96,1050871.0,0.081,0.0,70.83,92323.286
264,2020-09-26,0.96,1116532.0,0.0757,0.0,70.83,92323.286
265,2020-09-27,0.96,1085254.0,0.0773,0.0,70.83,84559.0
266,2020-09-28,0.95,1082091.0,0.0769,0.0,70.83,84559.0
267,2020-09-29,0.95,1112037.0,0.0745,0.0,70.83,84559.0
268,2020-09-30,0.94,1131038.0,0.0733,0.0,70.83,84559.0
269,2020-10-01,0.94,1169107.0,0.0703,0.0,70.83,84559.0
270,2020-10-02,0.93,1112755.0,0.0731,0.0,70.83,84559.0
271,2020-10-03,0.92,1082918.0,0.0735,0.0,70.83,84559.0
272,2020-10-04,0.92,1104957.0,0.071,0.0,70.83,79548.714
273,2020-10-05,0.92,1145023.0,0.0673,0.0,70.83,79548.714
274,2020-10-06,0.92,1137394.0,0.0667,0.0,70.83,79548.714
275,2020-10-07,0.92,1153561.0,0.0648,0.0,70.83,79548.714
276,2020-10-08,0.91,1120885.0,0.0653,0.0,70.83,79548.714
277,2020-10-09,0.91,1130993.0,0.0639,0.0,70.83,79548.714
278,2020-10-10,0.91,1135471.0,0.0635,0.0,70.83,79548.714
279,2020-10-11,0.9,1126387.0,0.063,0.0,70.83,72061.857
280,2020-10-12,0.89,1127100.0,0.0622,0.0,70.83,72061.857
281,2020-10-13,0.89,1124759.0,0.0613,0.0,70.83,72061.857
282,2020-10-14,0.88,1116924.0,0.0603,0.0,70.83,72061.857
283,2020-10-15,0.88,1108619.0,0.0598,0.0,61.57,72061.857
284,2020-10-16,0.87,1088607.0,0.0595,0.0,61.57,72061.857
285,2020-10-17,0.87,1065046.0,0.0591,0.0,61.57,72061.857
286,2020-10-18,0.87,1049564.0,0.0585,0.0,61.57,62963.571
287,2020-10-19,0.86,1030269.0,0.0584,0.0,61.57,62963.571
288,2020-10-20,0.86,1024523.0,0.0574,0.0,61.57,62963.571
289,2020-10-21,0.85,1015751.0,0.0562,0.0,61.57,62963.571
290,2020-10-22,0.85,1063437.0,0.0525,0.0,61.57,62963.571
291,2020-10-23,0.85,1122594.0,0.0486,0.0,61.57,62963.571
292,2020-10-24,0.85,1161221.0,0.0456,0.0,61.57,62963.571
293,2020-10-25,0.85,1185611.0,0.0433,0.0,61.57,52894.286
294,2020-10-26,0.85,1196972.0,0.0417,0.0,61.57,52894.286
295,2020-10-27,0.86,1186303.0,0.0408,0.0,58.8,52894.286
296,2020-10-28,0.88,1183900.0,0.0402,0.0,58.8,52894.286
297,2020-10-29,0.89,1127582.0,0.0415,0.0,58.8,52894.286
298,2020-10-30,0.9,1087858.0,0.0423,0.0,58.8,52894.286
299,2020-10-31,0.91,1059071.0,0.0431,0.0,58.8,52894.286
300,2020-11-01,0.92,1051976.0,0.0434,0.0,58.8,45610.143
301,2020-11-02,0.93,1040046.0,0.0441,0.0,58.8,45610.143
302,2020-11-03,0.94,1052637.0,0.0439,0.0,58.8,45610.143
303,2020-11-04,0.94,1073040.0,0.0431,0.0,58.8,45610.143
304,2020-11-05,0.95,1092135.0,0.0422,0.0,58.8,45610.143
305,2020-11-06,0.95,1100144.0,0.0422,0.0,58.8,45610.143
306,2020-11-07,0.95,1106606.0,0.0418,0.0,58.8,45610.143
307,2020-11-08,0.95,1121355.0,0.0413,0.0,58.8,46238.857
308,2020-11-09,0.95,1118441.0,0.0414,0.0,58.8,46238.857
309,2020-11-10,0.94,1118072.0,0.0412,0.0,58.8,46238.857
310,2020-11-11,0.94,1110027.0,0.0412,0.0,58.8,46238.857
311,2020-11-12,0.93,1107732.0,0.0409,0.0,58.8,46238.857
312,2020-11-13,0.92,1096092.0,0.0406,0.0,58.8,46238.857
313,2020-11-14,0.91,1069847.0,0.041,0.0,58.8,46238.857
314,2020-11-15,0.91,1014290.0,0.0411,0.0,58.8,43832.143
315,2020-11-16,0.92,1018048.0,0.0397,0.0,58.8,43832.143
316,2020-11-17,0.95,989579.0,0.04,0.0,58.8,43832.143
317,2020-11-18,0.97,958719.0,0.0409,0.0,58.8,43832.143
318,2020-11-19,0.99,935126.0,0.0421,0.0,58.8,43832.143
319,2020-11-20,1.0,927150.0,0.0427,0.0,58.8,43832.143
320,2020-11-21,1.0,946654.0,0.0424,0.0,66.2,43832.143
321,2020-11-22,1.0,985188.0,0.0427,0.0,66.2,40175.286
322,2020-11-23,1.0,983458.0,0.0441,0.0,66.2,40175.286
323,2020-11-24,0.99,1019910.0,0.0433,0.0,66.2,40175.286
324,2020-11-25,0.98,1051589.0,0.0419,0.0,66.2,40175.286
325,2020-11-26,0.96,1060451.0,0.0411,0.0,66.2,40175.286
326,2020-11-27,0.95,1067280.0,0.0402,0.0,66.2,40175.286
327,2020-11-28,0.94,1080364.0,0.0393,0.0,66.2,40175.286
328,2020-11-29,0.93,1110096.0,0.0376,0.0,66.2,42444.714
329,2020-11-30,0.92,1113892.0,0.0365,0.0,66.2,42444.714
330,2020-12-01,0.9,1095289.0,0.0362,0.0,66.2,42444.714
331,2020-12-02,0.89,1086377.0,0.0353,0.0,66.2,42444.714
332,2020-12-03,0.89,1089443.0,0.0343,0.0,66.2,42444.714
333,2020-12-04,0.89,1095000.0,0.0335,0.0,66.2,42444.714
334,2020-12-05,0.88,1095023.0,0.0328,0.0,66.2,42444.714
335,2020-12-06,0.88,1068967.0,0.0328,0.0,66.2,35900.429
336,2020-12-07,0.87,1058240.0,0.0325,0.0,66.2,35900.429
337,2020-12-08,0.86,1066394.0,0.0317,0.0,66.2,35900.429
338,2020-12-09,0.86,1055831.0,0.0314,0.0,66.2,35900.429
339,2020-12-10,0.85,1028868.0,0.0313,0.0,66.2,35900.429
340,2020-12-11,0.85,1000116.0,0.0312,0.0,66.2,35900.429
341,2020-12-12,0.84,973127.0,0.0312,0.0,66.2,35900.429
342,2020-12-13,0.84,960751.0,0.0308,0.0,66.2,30401.0
343,2020-12-14,0.84,968476.0,0.0299,0.0,66.2,30401.0
344,2020-12-15,0.83,963800.0,0.0292,0.0,66.2,30401.0
345,2020-12-16,0.83,972788.0,0.0278,0.0,66.2,30401.0
346,2020-12-17,0.83,1006502.0,0.0259,0.0,66.2,30401.0
347,2020-12-18,0.85,1027155.0,0.0247,0.0,66.2,30401.0
348,2020-12-19,0.86,1056159.0,0.0236,0.0,66.2,30401.0
349,2020-12-20,0.86,1069480.0,0.0229,0.0,66.2,24884.857
350,2020-12-21,0.87,1075906.0,0.0224,0.0,66.2,24884.857
351,2020-12-22,0.87,1087129.0,0.0219,0.0,66.2,24884.857
352,2020-12-23,0.86,1088920.0,0.0219,0.0,66.2,24884.857
353,2020-12-24,0.86,1071875.0,0.0223,0.0,66.2,24884.857
354,2020-12-25,0.86,1055302.0,0.0223,0.0,66.2,24884.857
355,2020-12-26,0.84,1009825.0,0.0222,0.0,66.2,24884.857
356,2020-12-27,0.85,986352.0,0.0221,0.0,66.2,22375.286
357,2020-12-28,0.86,959961.0,0.0222,0.0,66.2,22375.286
358,2020-12-29,0.87,947313.0,0.022,0.0,66.2,22375.286
359,2020-12-30,0.87,950473.0,0.0215,0.0,66.2,22375.286
360,2020-12-31,0.87,962987.0,0.0207,0.0,66.2,22375.286
361,2021-01-01,0.87,972276.0,0.0201,0.0,66.2,22375.286
362,2021-01-02,0.86,968910.0,0.0201,0.0,66.2,22375.286
363,2021-01-03,0.87,971018.0,0.0195,0.0,66.2,19445.0
364,2021-01-04,0.89,973958.0,0.0194,0.0,66.2,19445.0
365,2021-01-05,0.89,961464.0,0.0193,0.0,66.2,19445.0
366,2021-01-06,0.89,934482.0,0.0197,0.0,66.2,19445.0
367,2021-01-07,0.89,907389.0,0.0199,0.0,66.2,19445.0
368,2021-01-08,0.89,889239.0,0.0173,0.0,66.2,19445.0
369,2021-01-09,0.96,901665.0,0.02,0.0,66.2,19445.0
370,2021-01-10,0.94,885263.0,0.0204,0.0,66.2,18045.571
371,2021-01-11,0.92,874296.0,0.02,0.0,66.2,18045.571
372,2021-01-12,0.9,874413.0,0.0196,0.0,66.2,18045.571
373,2021-01-13,0.89,860816.0,0.0194,0.0,66.2,18045.571
374,2021-01-14,0.88,833044.0,0.0196,0.0,66.2,18045.571
375,2021-01-15,0.88,803720.0,0.023,0.0,66.2,18045.571
376,2021-01-16,0.86,787454.0,0.0195,191181.0,66.2,18045.571
377,2021-01-17,0.87,778321.0,0.0193,112150.0,66.2,15385.857
378,2021-01-18,0.87,762458.0,0.0192,151350.0,66.2,15385.857
379,2021-01-19,0.88,735706.0,0.0195,168709.0,66.2,15385.857
380,2021-01-20,0.89,725405.0,0.0195,161297.0,66.2,15385.857
381,2021-01-21,0.89,730782.0,0.0191,173922.0,66.2,15385.857
382,2021-01-22,0.9,740803.0,0.0187,198656.0,66.2,15385.857
383,2021-01-23,0.9,745661.0,0.0185,198717.0,66.2,15385.857
384,2021-01-24,0.9,746000.0,0.0184,198743.0,66.2,13792.571
385,2021-01-25,0.9,749154.0,0.0181,224251.0,66.2,13792.571
386,2021-01-26,0.91,751410.0,0.0178,193521.0,67.13,13792.571
387,2021-01-27,0.92,720882.0,0.0179,221356.0,61.57,13792.571
388,2021-01-28,0.94,712999.0,0.019,269217.0,61.57,13792.571
389,2021-01-29,0.93,704722.0,0.0189,301348.0,61.57,13792.571
390,2021-01-30,0.91,693184.0,0.0189,308876.0,61.57,13792.571
391,2021-01-31,0.9,688786.0,0.0186,306191.0,61.57,13092.857
392,2021-02-01,0.9,679360.0,0.0188,275192.0,61.57,13092.857
393,2021-02-02,0.91,669909.0,0.0187,301348.0,61.57,13092.857
394,2021-02-03,0.91,694294.0,0.0183,299082.0,61.57,13092.857
395,2021-02-04,0.92,696749.0,0.0169,290199.0,61.57,13092.857
396,2021-02-05,0.92,692959.0,0.0167,273832.0,61.57,13092.857
397,2021-02-06,0.93,690740.0,0.0166,290141.0,61.57,13092.857
398,2021-02-07,0.94,682858.0,0.0169,293360.0,61.57,11454.286
399,2021-02-08,0.94,686854.0,0.0169,329836.0,61.57,11454.286
400,2021-02-09,0.95,690814.0,0.0168,353235.0,61.57,11454.286
401,2021-02-10,0.95,693068.0,0.0167,366795.0,61.57,11454.286
402,2021-02-11,0.95,686832.0,0.0162,363652.0,61.57,11454.286
403,2021-02-12,0.97,693998.0,0.0161,364400.0,61.57,11454.286
404,2021-02-13,0.98,694401.0,0.0162,325305.0,61.57,11454.286
405,2021-02-14,1.0,694591.0,0.0161,353179.0,61.57,11225.286
406,2021-02-15,1.02,688003.0,0.0163,322538.0,61.57,11225.286
407,2021-02-16,1.04,677792.0,0.0166,320826.0,61.57,11225.286
408,2021-02-17,1.05,664653.0,0.017,309949.0,61.57,11225.286
409,2021-02-18,1.07,668564.0,0.0177,334502.0,61.57,11225.286
410,2021-02-19,1.09,669297.0,0.0181,354614.0,61.57,11225.286
411,2021-02-20,1.1,675440.0,0.0183,397981.0,61.57,11225.286
412,2021-02-21,1.11,671574.0,0.019,400080.0,61.57,12387.286
413,2021-02-22,1.12,690730.0,0.0188,415332.0,61.57,12387.286
414,2021-02-23,1.13,699733.0,0.019,435722.0,61.57,12387.286
415,2021-02-24,1.14,722721.0,0.0191,454268.0,63.43,12387.286
416,2021-02-25,1.14,732267.0,0.0195,460075.0,63.43,12387.286
417,2021-02-26,1.14,740943.0,0.0198,472428.0,63.43,12387.286
418,2021-02-27,1.13,739129.0,0.0203,486318.0,63.43,12387.286
419,2021-02-28,1.12,757082.0,0.0201,459442.0,63.43,15011.429
420,2021-03-01,1.12,758147.0,0.0204,490006.0,63.43,15011.429
421,2021-03-02,1.12,769661.0,0.0203,530480.0,63.43,15011.429
422,2021-03-03,1.13,766715.0,0.0205,607059.0,63.43,15011.429
423,2021-03-04,1.14,764179.0,0.0206,705494.0,63.43,15011.429
424,2021-03-05,1.15,754182.0,0.0212,820109.0,63.43,15011.429
425,2021-03-06,1.17,751042.0,0.0217,954257.0,63.43,15011.429
426,2021-03-07,1.18,742772.0,0.0225,955392.0,63.43,16295.429
427,2021-03-08,1.2,744982.0,0.0231,1164942.0,63.43,16295.429
428,2021-03-09,1.22,728391.0,0.0242,1249594.0,57.87,16295.429
429,2021-03-10,1.25,725229.0,0.0253,1295566.0,57.87,16295.429
430,2021-03-11,1.27,725626.0,0.0266,1165631.0,57.87,16295.429
431,2021-03-12,1.29,722557.0,0.028,1245822.0,57.87,16295.429
432,2021-03-13,1.31,735228.0,0.0288,1259438.0,57.87,16295.429
433,2021-03-14,1.34,753305.0,0.0296,1274147.0,57.87,21178.429
434,2021-03-15,1.37,761966.0,0.0309,1419814.0,57.87,21178.429
435,2021-03-16,1.4,794852.0,0.0316,1528090.0,57.87,21178.429
436,2021-03-17,1.42,824272.0,0.0328,1636892.0,57.87,21178.429
437,2021-03-18,1.44,864981.0,0.0339,1882128.0,57.87,21178.429
438,2021-03-19,1.45,910273.0,0.0348,1977848.0,57.87,21178.429
439,2021-03-20,1.45,941749.0,0.0364,2123633.0,57.87,21178.429
440,2021-03-21,1.45,962144.0,0.0387,2165423.0,57.87,34297.429
441,2021-03-22,1.44,1005480.0,0.0394,2221023.0,57.87,34297.429
442,2021-03-23,1.43,1018924.0,0.0414,2253821.0,57.87,34297.429
443,2021-03-24,1.43,1027011.0,0.0435,2286065.0,57.87,34297.429
444,2021-03-25,1.42,1027246.0,0.0462,2309232.0,57.87,34297.429
445,2021-03-26,1.41,1033442.0,0.0489,2292340.0,57.87,34297.429
446,2021-03-27,1.4,1048291.0,0.0508,2237992.0,57.87,34297.429
447,2021-03-28,1.39,1073171.0,0.0524,2209205.0,57.87,53213.429
448,2021-03-29,1.38,1059770.0,0.0551,1802680.0,57.87,53213.429
449,2021-03-30,1.37,1033827.0,0.0574,1744724.0,57.87,53213.429
450,2021-03-31,1.39,1033440.0,0.06,1710312.0,57.87,53213.429
451,2021-04-01,1.41,1042106.0,0.0626,1897814.0,57.87,53213.429
452,2021-04-02,1.43,1043993.0,0.0661,2134932.0,57.87,53213.429
453,2021-04-03,1.45,1027091.0,0.0715,2244267.0,74.54,53213.429
454,2021-04-04,1.47,1025009.0,0.0766,2653533.0,74.54,73412.143
455,2021-04-05,1.48,1022214.0,0.0825,3142510.0,69.91,73412.143
456,2021-04-06,1.49,1083035.0,0.0861,3431874.0,69.91,73412.143
457,2021-04-07,1.49,1109523.0,0.091,3582968.0,69.91,73412.143
458,2021-04-08,1.49,1125537.0,0.0961,3649303.0,69.91,73412.143
459,2021-04-09,1.49,1161285.0,0.1001,3574409.0,69.91,73412.143
460,2021-04-10,1.5,1179373.0,0.1058,3659357.0,69.91,73412.143
461,2021-04-11,1.5,1214420.0,0.1104,3631915.0,69.91,124756.571
462,2021-04-12,1.5,1255333.0,0.1142,3631737.0,69.91,124756.571
463,2021-04-13,1.5,1282263.0,0.1194,3443158.0,69.91,124756.571
464,2021-04-14,1.49,1311324.0,0.1248,3470652.0,69.91,124756.571
465,2021-04-15,1.49,1332291.0,0.132,3269892.0,69.91,124756.571
466,2021-04-16,1.48,1347863.0,0.14,3123212.0,69.91,124756.571
467,2021-04-17,1.48,1393888.0,0.1465,3003920.0,69.91,124756.571
468,2021-04-18,1.47,1415938.0,0.1548,2760572.0,69.91,204186.286
469,2021-04-19,1.46,1441080.0,0.1617,2656575.0,73.61,204186.286
470,2021-04-20,1.44,1458132.0,0.1707,2458290.0,73.61,204186.286
471,2021-04-21,1.41,1490647.0,0.1779,2164695.0,73.61,204186.286
472,2021-04-22,1.39,1528813.0,0.1842,2218728.0,73.61,204186.286
473,2021-04-23,1.36,1567004.0,0.19,2137213.0,73.61,204186.286
474,2021-04-24,1.34,1603886.0,0.1935,2059866.0,73.61,204186.286
475,2021-04-25,1.31,1625771.0,0.1978,2190372.0,73.61,310294.714
476,2021-04-26,1.29,1632375.0,0.2026,2199405.0,73.61,310294.714
477,2021-04-27,1.26,1652263.0,0.2059,2355946.0,73.61,310294.714
478,2021-04-28,1.24,1664342.0,0.2099,2486755.0,73.61,310294.714
479,2021-04-29,1.21,1680982.0,0.2124,2359166.0,73.61,310294.714
480,2021-04-30,1.19,1706633.0,0.2138,2442854.0,73.61,310294.714
481,2021-05-01,1.17,1734023.0,0.214,2369239.0,73.61,310294.714
482,2021-05-02,1.15,1746218.0,0.2137,2146620.0,73.61,371040.714
483,2021-05-03,1.13,1760837.0,0.2147,1936741.0,73.61,371040.714
484,2021-05-04,1.12,1761557.0,0.2164,1838788.0,73.61,371040.714
485,2021-05-05,1.1,1735470.0,0.2223,1839692.0,73.61,371040.714
486,2021-05-06,1.08,1757604.0,0.2218,1904976.0,73.61,371040.714
487,2021-05-07,1.06,1744230.0,0.2234,1884556.0,73.61,371040.714
488,2021-05-08,1.03,1724665.0,0.2268,1981076.0,73.61,371040.714
489,2021-05-09,1.01,1733305.0,0.2256,2013337.0,73.61,391279.571
490,2021-05-10,0.99,1729006.0,0.2239,2145255.0,81.94,391279.571
491,2021-05-11,0.96,1755630.0,0.2177,2301699.0,81.94,391279.571
492,2021-05-12,0.94,1818845.0,0.2063,2302048.0,81.94,391279.571
493,2021-05-13,0.92,1810482.0,0.2016,2251178.0,81.94,391279.571
494,2021-05-14,0.9,1817486.0,0.1949,2065202.0,81.94,391279.571
495,2021-05-15,0.88,1801021.0,0.1894,2007240.0,81.94,391279.571
496,2021-05-16,0.86,1777851.0,0.185,1992305.0,81.94,341094.714
497,2021-05-17,0.85,1810512.0,0.1765,1816898.0,81.94,341094.714
498,2021-05-18,0.84,1813242.0,0.1698,1618423.0,81.94,341094.714
499,2021-05-19,0.82,1816741.0,0.1627,1480718.0,81.94,341094.714
500,2021-05-20,0.81,1843943.0,0.1538,1360720.0,81.94,341094.714
501,2021-05-21,0.8,1870539.0,0.1464,1388325.0,81.94,341094.714
502,2021-05-22,0.79,1923852.0,0.1371,1328280.0,81.94,341094.714
503,2021-05-23,0.78,1983930.0,0.1287,1352605.0,81.94,263722.143
504,2021-05-24,0.77,2016058.0,0.1219,1478358.0,81.94,263722.143
505,2021-05-25,0.76,2043042.0,0.1162,1473597.0,81.94,263722.143
506,2021-05-26,0.75,2072903.0,0.11,1716431.0,81.94,263722.143
507,2021-05-27,0.73,2087595.0,0.1043,1902326.0,81.94,263722.143
508,2021-05-28,0.72,2088856.0,0.0985,1971730.0,81.94,263722.143
509,2021-05-29,0.71,2090822.0,0.0932,2320922.0,81.94,263722.143
510,2021-05-30,0.7,2082259.0,0.0889,2420840.0,81.94,194952.571
511,2021-05-31,0.69,2047260.0,0.0856,2326312.0,81.94,194952.571
512,2021-06-01,0.69,2028297.0,0.081,2518423.0,81.94,194952.571
513,2021-06-02,0.68,2177976.0,0.0704,2464650.0,81.94,194952.571
514,2021-06-03,0.67,2401899.0,0.0606,2448745.0,81.94,194952.571
515,2021-06-04,0.67,2627712.0,0.0525,2920138.0,81.94,194952.571
516,2021-06-05,0.67,2864890.0,0.0456,2640313.0,81.94,194952.571
517,2021-06-06,0.67,3080396.0,0.04,2767989.0,81.94,130648.429
518,2021-06-07,0.66,3066747.0,0.0383,2862965.0,81.94,130648.429
519,2021-06-08,0.66,3059334.0,0.0365,2935027.0,81.94,130648.429
520,2021-06-09,0.66,2876605.0,0.0368,3025477.0,81.94,130648.429
521,2021-06-10,0.66,2630801.0,0.038,3133931.0,81.94,130648.429
522,2021-06-11,0.66,2401220.0,0.0395,2870782.0,81.94,130648.429
523,2021-06-12,0.66,2151146.0,0.0419,2945275.0,81.94,130648.429
524,2021-06-13,0.66,1912279.0,0.0449,3055624.0,81.94,90092.857
525,2021-06-14,0.66,1898645.0,0.0432,3181387.0,81.94,90092.857
526,2021-06-15,0.66,1881198.0,0.0413,3089205.0,81.94,90092.857
527,2021-06-16,0.67,1873344.0,0.0395,3067056.0,81.94,90092.857
528,2021-06-17,0.67,1862852.0,0.0374,3241192.0,81.94,90092.857
529,2021-06-18,0.68,1846473.0,0.0359,3236100.0,81.94,90092.857
530,2021-06-19,0.69,1853639.0,0.034,3531464.0,81.94,90092.857
531,2021-06-20,0.7,1840944.0,0.033,3550883.0,81.94,63139.429
532,2021-06-21,0.71,1826165.0,0.0318,4364797.0,81.94,63139.429
533,2021-06-22,0.72,1813737.0,0.0312,4935727.0,81.94,63139.429
534,2021-06-23,0.73,1809461.0,0.0302,5006348.0,81.94,63139.429
535,2021-06-24,0.74,1799207.0,0.0295,5297682.0,81.94,63139.429
536,2021-06-25,0.76,1771536.0,0.029,5757941.0,81.94,63139.429
537,2021-06-26,0.77,1800608.0,0.0279,6276153.0,81.94,63139.429
538,2021-06-27,0.78,1892288.0,0.026,6249116.0,81.94,50174.0
539,2021-06-28,0.79,1994785.0,0.0243,5444234.0,81.94,50174.0
540,2021-06-29,0.8,2009592.0,0.0238,5366922.0,81.94,50174.0
541,2021-06-30,0.82,2018121.0,0.0233,5112543.0,81.94,50174.0
542,2021-07-01,0.82,2026975.0,0.0228,4955375.0,81.94,50174.0
543,2021-07-02,0.83,2097582.0,0.0217,4144324.0,81.94,50174.0
544,2021-07-03,0.84,2086367.0,0.0214,4208458.0,81.94,50174.0
545,2021-07-04,0.85,1998550.0,0.0219,4192591.0,81.94,44607.143
546,2021-07-05,0.86,1915168.0,0.0226,4257988.0,81.94,44607.143
547,2021-07-06,0.88,1897942.0,0.0226,3840533.0,81.94,44607.143
548,2021-07-07,0.88,1890293.0,0.0225,4130375.0,81.94,44607.143
549,2021-07-08,0.89,1886343.0,0.0223,4892796.0,81.94,44607.143
550,2021-07-09,0.89,1823584.0,0.023,5262873.0,81.94,44607.143
551,2021-07-10,0.9,1803644.0,0.0231,4533142.0,81.94,44607.143
552,2021-07-11,0.9,1804360.0,0.0229,4281993.0,81.94,41684.143
553,2021-07-12,0.9,1791479.0,0.0229,4319736.0,81.94,41684.143
554,2021-07-13,0.91,1804751.0,0.0224,4770041.0,81.94,41684.143
555,2021-07-14,0.91,1805935.0,0.022,4752818.0,81.94,41684.143
556,2021-07-15,0.92,1826580.0,0.0214,3764649.0,81.94,41684.143
557,2021-07-16,0.93,1858091.0,0.0207,3883425.0,81.94,41684.143
558,2021-07-17,0.94,1854283.0,0.0207,4128447.0,81.94,41684.143
559,2021-07-18,0.95,1867599.0,0.0206,4433794.0,81.94,38406.143
560,2021-07-19,0.95,1872063.0,0.0204,4339822.0,81.94,38406.143
561,2021-07-20,0.96,1897571.0,0.0203,3967789.0,81.94,38406.143
562,2021-07-21,0.96,1888519.0,0.0204,3787237.0,78.24,38406.143
563,2021-07-22,0.96,1842822.0,0.0206,4010466.0,78.24,38406.143
564,2021-07-23,0.97,1845187.0,0.0207,4026626.0,78.24,38406.143
565,2021-07-24,0.98,1792694.0,0.0212,4031307.0,78.24,38406.143
566,2021-07-25,1.0,1761558.0,0.0217,3829563.0,78.24,37976.571
567,2021-07-26,1.01,1717394.0,0.0222,4295142.0,74.54,37976.571
568,2021-07-27,1.01,1688998.0,0.0227,4383458.0,74.54,37976.571
569,2021-07-28,1.02,1672529.0,0.0231,4693587.0,74.54,37976.571
570,2021-07-29,1.02,1674009.0,0.0238,4659532.0,74.54,37976.571
571,2021-07-30,1.02,1673025.0,0.0241,4805174.0,74.54,37976.571
572,2021-07-31,1.01,1693747.0,0.0239,4817171.0,74.54,37976.571
573,2021-08-01,1.01,1703849.0,0.0239,5289663.0,74.54,40560.429
574,2021-08-02,1.0,1743069.0,0.0234,5263244.0,74.54,40560.429
575,2021-08-03,1.0,1732953.0,0.0235,5589987.0,74.54,40560.429
576,2021-08-04,0.99,1748761.0,0.0232,5519434.0,74.54,40560.429
577,2021-08-05,0.99,1751941.0,0.0232,5613406.0,74.54,40560.429
578,2021-08-06,0.97,1697561.0,0.0237,5641590.0,74.54,40560.429
579,2021-08-07,0.97,1698561.0,0.0234,5705633.0,74.54,40560.429
580,2021-08-08,0.96,1688954.0,0.0232,5205874.0,74.54,39804.429
581,2021-08-09,0.96,1731677.0,0.0224,5106452.0,74.54,39804.429
582,2021-08-10,0.96,1711965.0,0.0223,4827708.0,74.54,39804.429
583,2021-08-11,0.96,1702029.0,0.0223,4904103.0,74.54,39804.429
584,2021-08-12,0.95,1782405.0,0.0209,4943267.0,74.54,39804.429
585,2021-08-13,0.95,1848161.0,0.0202,5025756.0,74.54,39804.429
586,2021-08-14,0.94,1911945.0,0.0193,5290828.0,74.54,39804.429
587,2021-08-15,0.94,1940751.0,0.0188,5502629.0,69.64,36874.429
588,2021-08-16,0.94,1862631.0,0.0194,5145681.0,69.64,36874.429
589,2021-08-17,0.94,1907283.0,0.0187,5348542.0,69.62,36874.429
590,2021-08-18,0.94,1910082.0,0.0183,5497214.0,69.61,36874.429
591,2021-08-19,0.94,1847235.0,0.0186,5237892.0,69.6,36874.429
592,2021-08-20,0.95,1889846.0,0.0179,5287937.0,69.58,36874.429
593,2021-08-21,0.96,1839369.0,0.018,4645647.0,69.57,36874.429
594,2021-08-22,0.98,1804543.0,0.0177,4798380.0,69.56,33094.0
595,2021-08-23,1.02,1820821.0,0.0176,4531313.0,69.55,33094.0
596,2021-08-24,1.05,1823181.0,0.0177,4601598.0,69.54,33094.0
597,2021-08-25,1.09,1822495.0,0.0185,5110246.0,69.51,33094.0
598,2021-08-26,1.1,1832648.0,0.019,5399358.0,69.5,33094.0
599,2021-08-27,1.11,1750658.0,0.0209,6047866.0,69.46,33094.0
600,2021-08-28,1.11,1758778.0,0.022,7071278.0,69.44,33094.0
601,2021-08-29,1.1,1769527.0,0.0233,7402290.0,69.41,38685.143
602,2021-08-30,1.08,1799304.0,0.0234,8152340.0,69.4,38685.143
603,2021-08-31,1.06,1735615.0,0.0246,8009674.0,69.38,38685.143
604,2021-09-01,1.05,1714249.0,0.025,9093383.0,69.34,38685.143
605,2021-09-02,1.04,1675758.0,0.0256,9340631.0,69.32,38685.143
606,2021-09-03,1.02,1654394.0,0.0256,8587773.0,69.3,38685.143
607,2021-09-04,1.01,1621777.0,0.0259,7411458.0,69.29,38685.143
608,2021-09-05,0.99,1630756.0,0.0254,7418237.0,69.27,41949.0
609,2021-09-06,0.96,1617477.0,0.0256,7021136.0,69.26,41949.0
610,2021-09-07,0.94,1664036.0,0.0245,7838454.0,69.23,41949.0
611,2021-09-08,0.92,1679829.0,0.024,6996271.0,63.64,41949.0
612,2021-09-09,0.89,1708223.0,0.0227,7304945.0,63.61,41949.0
613,2021-09-10,0.88,1724255.0,0.0217,6922828.0,63.6,41949.0
614,2021-09-11,0.87,1708136.0,0.0208,7954858.0,63.57,41949.0
615,2021-09-12,0.87,1678230.0,0.0201,7966089.0,63.55,35464.0
616,2021-09-13,0.87,1649316.0,0.02,8833001.0,63.51,35464.0
617,2021-09-14,0.88,1607946.0,0.0195,7577952.0,63.5,35464.0
618,2021-09-15,0.89,1587529.0,0.0187,7257129.0,63.47,35464.0
619,2021-09-16,0.91,1554927.0,0.019,7204486.0,63.43,35464.0
620,2021-09-17,0.92,1517756.0,0.0197,7610446.0,63.4,35464.0
621,2021-09-18,0.92,1511898.0,0.02,8940878.0,63.33,35464.0
622,2021-09-19,0.92,1504906.0,0.0203,9214366.0,63.3,30177.429
623,2021-09-20,0.92,1515384.0,0.0203,8849707.0,63.26,30177.429
624,2021-09-21,0.91,1512964.0,0.0203,9874599.0,63.23,30177.429
625,2021-09-22,0.9,1528355.0,0.0202,9421037.0,63.21,30177.429
626,2021-09-23,0.9,1523612.0,0.02,9414028.0,63.16,30177.429
627,2021-09-24,0.89,1529080.0,0.0193,10037995.0,63.12,30177.429
628,2021-09-25,0.88,1554444.0,0.0188,8020226.0,63.1,30177.429
629,2021-09-26,0.87,1557582.0,0.0184,7287579.0,63.08,29226.0
630,2021-09-27,0.85,1540926.0,0.0179,8077371.0,63.03,29226.0
631,2021-09-28,0.84,1527759.0,0.0173,7344057.0,63.01,29226.0
632,2021-09-29,0.84,1527986.0,0.0165,7484927.0,62.98,29226.0
633,2021-09-30,0.85,1512775.0,0.0162,7026494.0,62.95,29226.0
634,2021-10-01,0.85,1506376.0,0.0158,6507167.0,62.92,29226.0
635,2021-10-02,0.85,1476230.0,0.0156,6978224.0,62.89,29226.0
636,2021-10-03,0.85,1431068.0,0.0156,7194818.0,62.86,23022.571
637,2021-10-04,0.85,1406307.0,0.0158,6043745.0,62.84,23022.571
638,2021-10-05,0.84,1380573.0,0.0161,6412084.0,62.81,23022.571
639,2021-10-06,0.84,1336240.0,0.0165,6262069.0,62.79,23022.571
640,2021-10-07,0.84,1385864.0,0.0153,5821224.0,62.77,23022.571
641,2021-10-08,0.84,1366550.0,0.0151,6002255.0,62.73,23022.571
642,2021-10-09,0.84,1331070.0,0.015,6004235.0,62.7,23022.571
643,2021-10-10,0.84,1333567.0,0.0147,6426337.0,62.66,19938.857
644,2021-10-11,0.83,1339870.0,0.0142,6261109.0,62.64,19938.857
645,2021-10-12,0.83,1377714.0,0.0135,6172911.0,59.83,19938.857
646,2021-10-13,0.83,1365654.0,0.0132,6053914.0,59.81,19938.857
647,2021-10-14,0.83,1286720.0,0.0135,5884027.0,59.79,19938.857
648,2021-10-15,0.83,1257355.0,0.0134,5134811.0,59.78,19938.857
649,2021-10-16,0.84,1217540.0,0.0134,4236032.0,59.77,19938.857
650,2021-10-17,0.85,1191384.0,0.0132,3600695.0,59.75,16320.571
651,2021-10-18,0.87,1184769.0,0.0131,3435235.0,59.73,16320.571
652,2021-10-19,0.88,1152592.0,0.0133,3681917.0,59.69,16320.571
653,2021-10-20,0.89,1152350.0,0.0132,4499241.0,59.64,16320.571
654,2021-10-21,0.9,1153956.0,0.0131,4977463.0,59.62,16320.571
655,2021-10-22,0.91,1174544.0,0.0129,5540317.0,59.58,16320.571
656,2021-10-23,0.91,1227986.0,0.0125,5850184.0,59.56,16320.571
657,2021-10-24,0.91,1262277.0,0.0123,6560451.0,59.52,15392.714
658,2021-10-25,0.9,1263549.0,0.0122,6456459.0,53.95,15392.714
659,2021-10-26,0.9,1256479.0,0.0121,6248147.0,53.91,15392.714
660,2021-10-27,0.9,1253945.0,0.0119,5595625.0,53.87,15392.714
661,2021-10-28,0.89,1250884.0,0.0118,5607749.0,53.84,15392.714
662,2021-10-29,0.89,1259898.0,0.0114,5966139.0,53.78,15392.714
663,2021-10-30,0.88,1233065.0,0.0113,6407429.0,53.74,15392.714
664,2021-10-31,0.88,1221228.0,0.0112,5766214.0,53.72,13976.0
665,2021-11-01,0.88,1204511.0,0.0112,6214911.0,53.69,13976.0
666,2021-11-02,0.87,1186971.0,0.0111,5552652.0,53.68,13976.0
667,2021-11-03,0.87,1153050.0,0.0111,5498716.0,53.64,13976.0
668,2021-11-04,0.88,1121195.0,0.0112,4949827.0,53.63,13976.0
669,2021-11-05,0.88,1018835.0,0.0118,3726427.0,53.63,13976.0
670,2021-11-06,0.89,986162.0,0.0119,3098292.0,53.61,13976.0
671,2021-11-07,0.9,937976.0,0.0124,2930133.0,53.59,11748.0
672,2021-11-08,0.91,981522.0,0.0118,2940244.0,53.56,11748.0
673,2021-11-09,0.92,1001942.0,0.0115,3204213.0,47.98,11748.0
674,2021-11-10,0.92,1031972.0,0.0112,3249564.0,47.94,11748.0
675,2021-11-11,0.93,1079328.0,0.0106,3666896.0,47.9,11748.0
676,2021-11-12,0.93,1149962.0,0.0101,4804242.0,47.84,11748.0
677,2021-11-13,0.92,1195455.0,0.0098,5571839.0,47.79,11748.0
678,2021-11-14,0.91,1266514.0,0.0091,5678164.0,49.82,11681.571
679,2021-11-15,0.91,1227799.0,0.0092,5535065.0,49.78,11681.571
680,2021-11-16,0.91,1221461.0,0.0091,5934296.0,49.73,11681.571
681,2021-11-17,0.91,1216240.0,0.009,6171477.0,49.67,11681.571
682,2021-11-18,0.91,1192397.0,0.009,6573042.0,49.6,11681.571
683,2021-11-19,0.9,1188599.0,0.0089,6024606.0,49.57,11681.571
684,2021-11-20,0.9,1177334.0,0.0089,6357807.0,49.48,11681.571
685,2021-11-21,0.88,1128291.0,0.009,6452542.0,49.45,10443.714
686,2021-11-22,0.88,1122531.0,0.0089,6980269.0,57.72,10443.714
687,2021-11-23,0.89,1102154.0,0.009,7179857.0,57.66,10443.714
688,2021-11-24,0.89,1108270.0,0.0086,7537503.0,57.58,10443.714
689,2021-11-25,0.89,1096560.0,0.0086,7105965.0,57.54,10443.714
690,2021-11-26,0.9,1102638.0,0.0083,8166075.0,57.44,10443.714
691,2021-11-27,0.9,1096087.0,0.0081,6972577.0,56.3,10443.714
692,2021-11-28,0.9,1111126.0,0.008,7876782.0,56.2,8872.857
693,2021-11-29,0.91,1109581.0,0.0079,7521233.0,56.14,8872.857
694,2021-11-30,0.92,1116373.0,0.0078,7586847.0,56.06,8872.857
695,2021-12-01,0.93,1091156.0,0.0081,7392564.0,58.76,8872.857
696,2021-12-02,0.93,1083738.0,0.008,8191110.0,58.65,8872.857
697,2021-12-03,0.93,1080296.0,0.008,7281421.0,58.59,8872.857
698,2021-12-04,0.94,1111271.0,0.0067,8759028.0,58.47,8872.857
699,2021-12-05,1.01,1117941.0,0.0078,7938408.0,58.42,8676.0
700,2021-12-06,0.99,1138249.0,0.0076,7889437.0,58.37,8676.0
701,2021-12-07,0.98,1163309.0,0.0074,7843868.0,58.29,8676.0
702,2021-12-08,0.96,1178261.0,0.0072,7765415.0,58.21,8676.0
703,2021-12-09,0.94,1205600.0,0.007,7482590.0,58.12,8676.0
704,2021-12-10,0.93,1225065.0,0.0068,7235294.0,58.08,8676.0
705,2021-12-11,0.92,1228645.0,0.0077,7669715.0,57.92,8676.0
706,2021-12-12,0.89,1223416.0,0.0066,7519381.0,57.88,8179.286
707,2021-12-13,0.9,1201912.0,0.0066,7392500.0,57.84,8179.286
708,2021-12-14,0.9,1173703.0,0.0065,7761315.0,56.34,8179.286
709,2021-12-15,0.89,1169667.0,0.0064,7515754.0,56.27,8179.286
710,2021-12-16,0.89,1185376.0,0.0062,6892387.0,56.23,8179.286
711,2021-12-17,0.9,1180594.0,0.0053,7570262.0,56.13,8179.286
712,2021-12-18,0.98,1181441.0,0.0052,6509034.0,56.05,8179.286
713,2021-12-19,1.04,1184658.0,0.0059,6432805.0,56.01,7109.286
714,2021-12-20,1.04,1205733.0,0.0057,6393946.0,55.97,7109.286
715,2021-12-21,1.04,1209104.0,0.0057,6032892.0,55.88,7109.286
716,2021-12-22,1.05,1215479.0,0.0056,5509274.0,55.85,7109.286
717,2021-12-23,1.08,1199452.0,0.0055,5961434.0,55.77,7109.286
718,2021-12-24,1.14,1186017.0,0.0065,5598521.0,55.7,7109.286
719,2021-12-25,1.2,1164891.0,0.0066,5846329.0,55.6,7109.286
720,2021-12-26,1.28,1126817.0,0.0059,5471820.0,55.59,6646.714
721,2021-12-27,1.41,1117720.0,0.0061,5460562.0,55.55,6646.714
722,2021-12-28,1.56,1135982.0,0.0063,5364015.0,55.47,6646.714
723,2021-12-29,1.74,1127139.0,0.0071,6306509.0,59.07,6646.714
724,2021-12-30,1.92,1114495.0,0.0085,5785173.0,59.03,6646.714
725,2021-12-31,2.1,1152634.0,0.0101,6329836.0,68.64,6646.714
726,2022-01-01,2.24,1133926.0,0.0129,5726859.0,68.58,6646.714
727,2022-01-02,2.37,1153486.0,0.016,5979233.0,68.56,14618.571
728,2022-01-03,2.49,1144836.0,0.02,6582722.0,68.69,14618.571
729,2022-01-04,2.6,1192866.0,0.0251,6608642.0,68.67,14618.571
730,2022-01-05,2.67,1224443.0,0.0335,6715446.0,68.65,14618.571
731,2022-01-06,2.67,1265765.0,0.0437,7610504.0,68.63,14618.571
732,2022-01-07,2.61,1277268.0,0.0567,8103784.0,68.6,14618.571
733,2022-01-08,2.5,1354550.0,0.0674,7705373.0,68.59,14618.571
734,2022-01-09,2.37,1423291.0,0.0788,8731293.0,68.56,91267.429
735,2022-01-10,2.24,1517839.0,0.0862,8528083.0,68.55,91267.429
736,2022-01-11,2.12,1532384.0,0.0981,9358811.0,68.51,91267.429
737,2022-01-12,2.01,1636734.0,0.1055,8870535.0,68.49,91267.429
738,2022-01-13,1.9,1697283.0,0.1141,8846955.0,68.46,91267.429
739,2022-01-14,1.8,1754279.0,0.1207,7269519.0,68.45,91267.429
740,2022-01-15,1.7,1748838.0,0.1302,8233019.0,68.42,91267.429
741,2022-01-16,1.61,1773473.0,0.1347,7570103.0,68.4,227737.143
742,2022-01-17,1.54,1740990.0,0.143,7377220.0,68.39,227737.143
743,2022-01-18,1.48,1750878.0,0.1494,5452050.0,68.39,227737.143
744,2022-01-19,1.42,1735324.0,0.1565,6879112.0,76.39,227737.143
745,2022-01-20,1.37,1738585.0,0.163,6630581.0,76.34,227737.143
746,2022-01-21,1.32,1777122.0,0.165,7590638.0,78.05,227737.143
747,2022-01-22,1.26,1826724.0,0.1654,7349937.0,78.01,227737.143
748,2022-01-23,1.19,1867392.0,0.1655,7359274.0,77.98,302157.143
749,2022-01-24,1.13,1890436.0,0.1648,6793794.0,77.98,302157.143
750,2022-01-25,1.07,1913001.0,0.1631,7758004.0,76.15,302157.143
751,2022-01-26,1.0,1878647.0,0.1637,6247433.0,76.11,302157.143
752,2022-01-27,0.94,1829917.0,0.1606,5539846.0,76.09,302157.143
753,2022-01-28,0.9,1744231.0,0.1601,5097284.0,77.87,302157.143
754,2022-01-29,0.86,1753545.0,0.1511,4767597.0,77.84,302157.143
755,2022-01-30,0.82,1695731.0,0.1482,5021604.0,77.81,265036.857
756,2022-01-31,0.77,1714640.0,0.1392,5909456.0,75.92,265036.857
757,2022-02-01,0.72,1699251.0,0.13,5835935.0,74.01,265036.857
758,2022-02-02,0.68,1695401.0,0.1206,5835309.0,73.97,265036.857
759,2022-02-03,0.64,1718052.0,0.1106,6057863.0,73.93,265036.857
760,2022-02-04,0.6,1722246.0,0.1014,5964928.0,73.89,265036.857
761,2022-02-05,0.57,1736790.0,0.0901,6102269.0,75.75,265036.857
762,2022-02-06,0.54,1828063.0,0.0758,5503435.0,75.74,156516.571
763,2022-02-07,0.51,1794825.0,0.0693,4466001.0,73.82,156516.571
764,2022-02-08,0.48,1744418.0,0.0639,4502216.0,69.21,156516.571
765,2022-02-09,0.45,1749252.0,0.0551,4713271.0,69.17,156516.571
766,2022-02-10,0.43,1714780.0,0.0486,4125867.0,69.17,156516.571
767,2022-02-11,0.42,1723681.0,0.0419,4732111.0,69.11,156516.571
768,2022-02-12,0.4,1626907.0,0.0389,4313445.0,69.09,156516.571
769,2022-02-13,0.39,1506960.0,0.0373,4575122.0,69.06,63326.143
770,2022-02-14,0.39,1463168.0,0.0345,4811658.0,66.28,63326.143
771,2022-02-15,0.37,1446454.0,0.0309,4769921.0,64.52,63326.143
772,2022-02-16,0.36,1371461.0,0.0288,4089529.0,64.5,63326.143
773,2022-02-17,0.36,1333770.0,0.0261,4790451.0,64.48,63326.143
774,2022-02-18,0.35,1283106.0,0.024,3966236.0,64.46,63326.143
775,2022-02-19,0.35,1258129.0,0.0217,4013738.0,64.45,63326.143
776,2022-02-20,0.35,1225627.0,0.0202,3642105.0,64.44,27293.143
777,2022-02-21,0.35,1191795.0,0.0191,3723058.0,64.43,27293.143
778,2022-02-22,0.35,1171040.0,0.0175,3350608.0,64.41,27293.143
779,2022-02-23,0.35,1161291.0,0.0156,3291554.0,64.4,27293.143
780,2022-02-24,0.34,1148101.0,0.0142,3005569.0,64.38,27293.143
781,2022-02-25,0.35,1114350.0,0.0132,2951415.0,64.37,27293.143
782,2022-02-26,0.35,1086833.0,0.0123,2978636.0,64.35,27293.143
783,2022-02-27,0.35,1063182.0,0.0115,2902576.0,64.34,13377.714
784,2022-02-28,0.35,1047859.0,0.0108,2769656.0,64.33,13377.714
785,2022-03-01,0.35,1021773.0,0.01,2450184.0,55.07,13377.714
786,2022-03-02,0.35,964719.0,0.0095,2366073.0,55.06,13377.714
787,2022-03-03,0.35,925834.0,0.0088,2353441.0,55.04,13377.714
788,2022-03-04,0.36,903017.0,0.0082,2212090.0,55.03,13377.714
789,2022-03-05,0.37,882707.0,0.0076,2075922.0,55.02,13377.714
790,2022-03-06,0.38,866675.0,0.0071,2017242.0,55.01,6690.857
791,2022-03-07,0.39,850832.0,0.0068,2019783.0,55.0,6690.857
792,2022-03-08,0.39,846796.0,0.0063,2125526.0,54.99,6690.857
793,2022-03-09,0.4,863060.0,0.0058,2180926.0,54.98,6690.857
794,2022-03-10,0.41,861777.0,0.0054,1999822.0,54.97,6690.857
795,2022-03-11,0.41,845922.0,0.0051,2019434.0,54.96,6690.857
796,2022-03-12,0.42,834879.0,0.0048,1794624.0,54.95,6690.857
797,2022-03-13,0.43,813701.0,0.0046,1839242.0,54.95,4005.429
798,2022-03-14,0.44,802173.0,0.0044,1885498.0,54.94,4005.429
799,2022-03-15,0.44,777656.0,0.0042,1802891.0,46.6,4005.429
800,2022-03-16,0.45,756929.0,0.004,1783656.0,46.59,4005.429
801,2022-03-17,0.45,734551.0,0.0038,1795944.0,46.58,4005.429
802,2022-03-18,0.46,709052.0,0.0037,1573173.0,46.58,4005.429
803,2022-03-19,0.47,638610.0,0.0038,1580159.0,46.58,4005.429
804,2022-03-20,0.48,591501.0,0.0038,1523504.0,46.57,2407.143
805,2022-03-21,0.5,570396.0,0.0037,1623985.0,46.57,2407.143
806,2022-03-22,0.52,551353.0,0.0036,1752357.0,46.56,2407.143
807,2022-03-23,0.53,540553.0,0.0035,2081220.0,46.55,2407.143
808,2022-03-24,0.54,532642.0,0.0033,2321904.0,46.55,2407.143
809,2022-03-25,0.56,540865.0,0.0032,2433734.0,46.54,2407.143
810,2022-03-26,0.57,582004.0,0.0029,2830351.0,43.06,2407.143
811,2022-03-27,0.58,608901.0,0.0027,2851859.0,43.06,1658.857
812,2022-03-28,0.6,615742.0,0.0026,2736644.0,43.06,1658.857
813,2022-03-29,0.6,617041.0,0.0024,2580123.0,43.06,1658.857
814,2022-03-30,0.61,609441.0,0.0023,2563648.0,43.06,1658.857
815,2022-03-31,0.63,601732.0,0.0022,2525474.0,43.06,1658.857
816,2022-04-01,0.65,589533.0,0.0022,2435448.0,40.28,1658.857
817,2022-04-02,0.66,570895.0,0.0022,2036805.0,40.28,1658.857
818,2022-04-03,0.67,548845.0,0.0022,2060592.0,40.28,1239.714
819,2022-04-04,0.7,532050.0,0.0021,1994404.0,50.46,1239.714
820,2022-04-05,0.72,516161.0,0.0021,2028398.0,50.46,1239.714
821,2022-04-06,0.74,495782.0,0.0022,1767953.0,50.46,1239.714
822,2022-04-07,0.77,477790.0,0.0022,1503657.0,50.46,1239.714
823,2022-04-08,0.8,456011.0,0.0022,1495630.0,50.46,1239.714
824,2022-04-09,0.83,447202.0,0.0023,1555601.0,50.46,1239.714
825,2022-04-10,0.85,440408.0,0.0023,1499370.0,50.46,1020.0
826,2022-04-11,0.89,434178.0,0.0023,1472466.0,50.46,1020.0
827,2022-04-12,0.92,425595.0,0.0024,1551503.0,50.46,1020.0
828,2022-04-13,0.96,418159.0,0.0024,1386545.0,50.46,1020.0
829,2022-04-14,1.02,5471529.0,0.0027222222222222222,1368918.0,50.46,1020.0
830,2022-04-15,1.1,5459191.0,0.0030444444444444442,1241692.0,50.46,1020.0
831,2022-04-16,1.2,5435556.0,0.0033666666666666667,1151659.0,50.46,1020.0
832,2022-04-17,1.31,5427952.0,0.003688888888888889,1177827.0,50.46,975.143
833,2022-04-18,1.36,5426556.0,0.004011111111111111,1174669.0,50.46,975.143
834,2022-04-19,1.39,5425936.0,0.004333333333333333,1167270.0,50.46,975.143
835,2022-04-20,1.43,5424773.0,0.004655555555555555,1124927.0,50.46,975.143
836,2022-04-21,1.44,366699.0,0.004977777777777778,1161864.0,50.46,975.143
837,2022-04-22,1.44,378820.0,0.0053,1381676.0,50.46,975.143
838,2022-04-23,1.43,400412.0,0.0055,1501229.0,50.46,975.143
839,2022-04-24,1.41,410614.0,0.0055,1620782.0,50.46,2206.857
840,2022-04-25,1.41,416424.0,0.005,1598685.0,50.46,2206.857
841,2022-04-26,1.48,423180.0,0.006,1634336.0,37.04,2206.857
842,2022-04-27,1.44,435163.0,0.0062,1852916.0,37.04,2206.857
843,2022-04-28,1.39,442099.0,0.0064,1927338.0,37.04,2206.857
844,2022-04-29,1.35,445182.0,0.0067,2118989.0,37.04,2206.857
845,2022-04-30,1.29,451550.0,0.0068,2096977.0,37.04,2206.857
846,2022-05-01,1.25,456487.0,0.007,2154351.0,37.04,3091.857
847,2022-05-02,1.21,455554.0,0.0078,2150147.0,37.04,3091.857
848,2022-05-03,1.16,451319.0,0.0072,2021655.0,37.04,3091.857
849,2022-05-04,1.14,425928.0,0.0076,1807346.0,37.04,3091.857
850,2022-05-05,1.12,415323.0,0.0078,1722338.0,37.04,3091.857
851,2022-05-06,1.1,414220.0,0.0079,1520154.0,37.04,3091.857
852,2022-05-07,1.07,412921.0,0.008,1555011.0,37.04,3091.857
853,2022-05-08,1.03,397139.0,0.0083,1496583.0,37.04,3286.571
854,2022-05-09,1.0,403023.0,0.0081,1579057.0,37.04,3286.571
855,2022-05-10,0.96,412350.0,0.0078,1592221.0,37.04,3286.571
856,2022-05-11,0.93,433045.0,0.0073,1712651.0,37.04,3286.571
857,2022-05-12,0.91,439880.0,0.0069,1713453.0,37.04,3286.571
858,2022-05-13,0.89,442839.0,0.0066,1668957.0,37.04,3286.571
859,2022-05-14,0.88,442756.0,0.0063,1631810.0,37.04,3286.571
860,2022-05-15,0.86,441411.0,0.006,1567664.0,37.04,2772.143
861,2022-05-16,0.86,443471.0,0.0057,1444113.0,37.04,2772.143
862,2022-05-17,0.85,425277.0,0.0056,1394788.0,37.04,2772.143
863,2022-05-18,0.86,419959.0,0.0055,1385472.0,37.04,2772.143
864,2022-05-19,0.87,420858.0,0.0053,1371465.0,37.04,2772.143
865,2022-05-20,0.89,415794.0,0.0052,1380898.0,37.04,2772.143
866,2022-05-21,0.92,417568.0,0.0051,1378589.0,37.04,2772.143
867,2022-05-22,0.94,430637.0,0.0048,1384226.0,37.04,2110.286
868,2022-05-23,0.97,422581.0,0.005,1449192.0,37.04,2110.286
869,2022-05-24,1.0,429745.0,0.005,1475781.0,37.04,2110.286
870,2022-05-25,1.03,433168.0,0.005,1459207.0,37.04,2110.286
871,2022-05-26,1.07,429598.0,0.0052,1451802.0,37.04,2110.286
872,2022-05-27,1.1,431692.0,0.0053,1443093.0,37.04,2110.286
873,2022-05-28,1.14,424300.0,0.0056,1429440.0,37.04,2110.286
874,2022-05-29,1.17,428818.0,0.0058,1402200.0,37.04,2381.714
875,2022-05-30,1.21,426455.0,0.006,1324436.0,37.04,2381.714
876,2022-05-31,1.24,420206.0,0.0063,1306281.0,37.04,2381.714
877,2022-06-01,1.28,419690.0,0.0067,1419748.0,37.04,2381.714
878,2022-06-02,1.32,418177.0,0.0072,1247790.0,37.04,2381.714
879,2022-06-03,1.35,412397.0,0.0077,1212411.0,37.04,2381.714
880,2022-06-04,1.39,412136.0,0.0082,1174031.0,37.04,2381.714
881,2022-06-05,1.43,403478.0,0.0091,1152865.0,37.04,3396.286
882,2022-06-06,1.47,403448.0,0.0095,1159110.0,37.04,3396.286
883,2022-06-07,1.51,395424.0,0.0106,1167328.0,37.04,3396.286
884,2022-06-08,1.54,375145.0,0.0126,1085134.0,37.04,3396.286
885,2022-06-09,1.56,360663.0,0.0145,1285246.0,37.04,3396.286
886,2022-06-10,1.56,347759.0,0.0168,1332918.0,37.04,3396.286
887,2022-06-11,1.55,333356.0,0.0194,1378457.0,37.04,3396.286
888,2022-06-12,1.53,319425.0,0.0218,1432594.0,37.04,6457.143
889,2022-06-13,1.52,315333.0,0.0234,1531562.0,37.04,6457.143
890,2022-06-14,1.52,317356.0,0.0249,1555681.0,37.04,6457.143
891,2022-06-15,1.52,335487.0,0.0256,1536030.0,37.04,6457.143
892,2022-06-16,1.5,361030.0,0.0259,1532870.0,37.04,6457.143
893,2022-06-17,1.47,387438.0,0.0259,1536525.0,37.04,6457.143
894,2022-06-18,1.44,407428.0,0.0262,1536534.0,37.04,6457.143
895,2022-06-19,1.4,426029.0,0.0266,1501084.0,37.04,10667.857
896,2022-06-20,1.37,432691.0,0.0273,1401891.0,37.04,10667.857
897,2022-06-21,1.33,442229.0,0.0278,1379124.0,37.04,10667.857
898,2022-06-22,1.31,442229.0,0.0278,1358685.0,37.04,10667.857
899,2022-06-23,1.3,442229.0,0.0278,1354173.0,37.04,10667.857
900,2022-06-24,1.28,442229.0,0.0278,1333692.0,37.04,10667.857
901,2022-06-25,1.25,442229.0,0.0278,1343346.0,37.04,10667.857
902,2022-06-26,1.25,442229.0,0.0278,1336296.0,37.04,13325.857
903,2022-06-27,1.23,442229.0,0.0278,1353087.0,37.04,13325.857
904,2022-06-28,1.21,442229.0,0.0278,1418670.0,37.04,13325.857
905,2022-06-29,1.19,442229.0,0.0278,1432271.0,37.04,13325.857
906,2022-06-30,1.17,442229.0,0.0278,1414474.0,37.04,13325.857
907,2022-07-01,1.16,442229.0,0.0278,1369941.0,37.04,13325.857
908,2022-07-02,1.15,442229.0,0.0278,1278094.0,37.04,13325.857
909,2022-07-03,1.14,442229.0,0.0278,1242612.0,37.04,16065.143
910,2022-07-04,1.13,442229.0,0.0278,1206917.0,37.04,16065.143
911,2022-07-05,1.12,442229.0,0.0278,1107889.0,37.04,16065.143
912,2022-07-06,1.11,442229.0,0.0278,1051863.0,37.04,16065.143
913,2022-07-07,1.11,442229.0,0.0278,1035096.0,37.04,16065.143
914,2022-07-08,1.1,442229.0,0.0278,1109162.0,37.04,16065.143
915,2022-07-09,1.1,442229.0,0.0278,1143270.0,37.04,16065.143
916,2022-07-10,1.09,442229.0,0.0278,1193905.0,37.04,17174.571
917,2022-07-11,1.09,442229.0,0.0278,1295293.0,37.04,17174.571
918,2022-07-12,1.08,442229.0,0.0278,1297224.0,37.04,17174.571
919,2022-07-13,1.08,442229.0,0.0278,1436477.0,37.04,17174.571
920,2022-07-14,1.08,442229.0,0.0278,1655635.0,37.04,17174.571
921,2022-07-15,1.08,442229.0,0.0278,1804422.0,37.04,17174.571
922,2022-07-16,1.09,442229.0,0.0278,1858782.0,37.04,17174.571
923,2022-07-17,1.08,442229.0,0.0278,1913142.0,37.04,18278.286
924,2022-07-18,1.08,442229.0,0.0278,1997545.0,37.04,18278.286
925,2022-07-19,1.07,442229.0,0.0278,2098145.0,37.04,18278.286
926,2022-07-20,1.07,442229.0,0.0278,2204434.0,37.04,18278.286
927,2022-07-21,1.06,442229.0,0.0278,2246462.0,37.04,18278.286
928,2022-07-22,1.05,442229.0,0.0278,2395178.0,37.04,18278.286
929,2022-07-23,1.04,442229.0,0.0278,2687190.0,37.04,18278.286
930,2022-07-24,1.03,442229.0,0.0278,2871870.0,37.04,19736.571
931,2022-07-25,1.01,442229.0,0.0278,2905264.0,37.04,19736.571
932,2022-07-26,1.0,442229.0,0.0278,3087168.0,37.04,19736.571
933,2022-07-27,0.99,442229.0,0.0278,3137923.0,37.04,19736.571
934,2022-07-28,0.99,442229.0,0.0278,3291583.0,37.04,19736.571
935,2022-07-29,0.99,442229.0,0.0278,3274762.0,37.04,19736.571
936,2022-07-30,0.99,442229.0,0.0278,3233034.0,37.04,19736.571
937,2022-07-31,0.98,442229.0,0.0278,3195919.0,37.04,18722.286
938,2022-08-01,0.97,442229.0,0.0278,3073345.0,37.04,18722.286
939,2022-08-02,0.97,442229.0,0.0278,3004555.0,31.48,18722.286
940,2022-08-03,0.96,442229.0,0.0278,3010237.0,31.48,18722.286
941,2022-08-04,0.96,442229.0,0.0278,2852023.0,31.48,18722.286
942,2022-08-05,0.95,442229.0,0.0278,2833371.0,31.48,18722.286
943,2022-08-06,0.94,442229.0,0.0278,2814109.0,31.48,18722.286
944,2022-08-07,0.93,442229.0,0.0278,2869596.0,31.48,17988.714
945,2022-08-08,0.98,442229.0,0.0278,3194410.0,31.48,17988.714
946,2022-08-09,0.95,442229.0,0.0278,3234031.0,31.48,17988.714
947,2022-08-10,0.91,442229.0,0.0278,3004617.0,31.48,17988.714
948,2022-08-11,0.89,442229.0,0.0278,2906483.0,31.48,17988.714
949,2022-08-12,0.87,442229.0,0.0278,2655214.0,31.48,17988.714
950,2022-08-13,0.86,442229.0,0.0278,2556410.0,31.48,17988.714
951,2022-08-14,0.86,442229.0,0.0278,2493166.0,31.48,15390.286
952,2022-08-15,0.83,442229.0,0.0278,2352448.0,31.48,15390.286
953,2022-08-16,0.81,442229.0,0.0278,2048911.0,31.48,15390.286
954,2022-08-17,0.81,442229.0,0.0278,2222273.0,31.48,15390.286
955,2022-08-18,0.82,442229.0,0.0278,2402264.0,31.48,15390.286
956,2022-08-19,0.82,442229.0,0.0278,2557618.0,31.48,15390.286
957,2022-08-20,0.82,442229.0,0.0278,2395808.0,31.48,15390.286
958,2022-08-21,0.82,442229.0,0.0278,2439238.0,31.48,12280.714
959,2022-08-22,0.81,442229.0,0.0278,2577558.0,31.48,12280.714
960,2022-08-23,0.8,442229.0,0.0278,2875786.0,31.48,12280.714
961,2022-08-24,0.77,442229.0,0.0278,2848679.0,31.48,12280.714
962,2022-08-25,0.76,442229.0,0.0278,2666075.0,31.48,12280.714
963,2022-08-26,0.76,442229.0,0.0278,2699702.0,31.48,12280.714
964,2022-08-27,0.76,442229.0,0.0278,2859324.0,31.48,12280.714
965,2022-08-28,0.75,442229.0,0.0278,2804464.0,31.48,9814.714
966,2022-08-29,0.74,442229.0,0.0278,2687560.0,31.48,9814.714
967,2022-08-30,0.77,442229.0,0.0278,2638767.0,31.48,9814.714
968,2022-08-31,0.85,442229.0,0.0278,2564198.0,31.48,9814.714
969,2022-09-01,0.82,442229.0,0.0278,2412836.0,31.48,9814.714
970,2022-09-02,0.8,442229.0,0.0278,2292485.0,31.48,9814.714
971,2022-09-03,0.79,442229.0,0.0278,2287190.0,31.48,9814.714
972,2022-09-04,0.79,442229.0,0.0278,2234044.0,31.48,6914.714
973,2022-09-05,0.78,442229.0,0.0278,2297363.0,31.48,6914.714
974,2022-09-06,0.77,442229.0,0.0278,2208831.0,31.48,6914.714
975,2022-09-07,0.78,442229.0,0.0278,2210414.0,31.48,6914.714
976,2022-09-08,0.79,442229.0,0.0278,2516735.0,31.48,6914.714
977,2022-09-09,0.8,442229.0,0.0278,2573368.0,31.48,6914.714
978,2022-09-10,0.81,442229.0,0.0278,2515858.0,31.48,6914.714
979,2022-09-11,0.83,442229.0,0.0278,2494849.0,31.48,5546.286
980,2022-09-12,0.85,442229.0,0.0278,2475989.0,31.48,5546.286
981,2022-09-13,0.9,442229.0,0.0278,2501275.0,31.48,5546.286
982,2022-09-14,0.88,442229.0,0.0278,2498746.0,31.48,5546.286
983,2022-09-15,0.89,442229.0,0.0278,2412708.0,31.48,5546.286
984,2022-09-16,0.89,442229.0,0.0278,2306931.0,31.48,5546.286
985,2022-09-17,0.89,442229.0,0.0278,2331680.0,31.48,5546.286
986,2022-09-18,0.88,442229.0,0.0278,2265750.0,31.48,5547.0
987,2022-09-19,0.88,442229.0,0.0278,2038649.0,31.48,5547.0
988,2022-09-20,0.87,442229.0,0.0278,1919378.0,31.48,5547.0
989,2022-09-21,0.89,442229.0,0.0278,1800340.0,31.48,5547.0
990,2022-09-22,0.88,442229.0,0.0278,1602383.0,31.48,5547.0
991,2022-09-23,0.86,442229.0,0.0278,1532819.0,31.48,5547.0
992,2022-09-24,0.85,442229.0,0.0278,1420663.0,31.48,5547.0
993,2022-09-25,0.84,442229.0,0.0278,1424974.0,31.48,4846.571
994,2022-09-26,0.83,442229.0,0.0278,1401567.0,31.48,4846.571
995,2022-09-27,0.81,442229.0,0.0278,1419354.0,31.48,4846.571
996,2022-09-28,0.78,442229.0,0.0278,1456025.0,31.48,4846.571
997,2022-09-29,0.77,442229.0,0.0278,1557504.0,31.48,4846.571
998,2022-09-30,0.76,442229.0,0.0278,1806296.0,31.48,4846.571
999,2022-10-01,0.75,442229.0,0.0278,1801951.0,31.48,4846.571
1000,2022-10-02,0.75,442229.0,0.0278,1655900.0,31.48,3767.571
1001,2022-10-03,0.73,442229.0,0.0278,1533432.0,31.48,3767.571
1002,2022-10-04,0.72,442229.0,0.0278,1376520.0,31.48,3767.571
1003,2022-10-05,0.7,442229.0,0.0278,1198181.0,31.48,3767.571
1004,2022-10-06,0.7,442229.0,0.0278,887047.0,31.48,3767.571
1005,2022-10-07,0.73,442229.0,0.0278,486575.0,31.48,3767.571
1006,2022-10-08,0.76,442229.0,0.0278,345728.0,31.48,3767.571
1007,2022-10-09,0.78,442229.0,0.0278,320238.0,31.48,2503.714
1008,2022-10-10,0.78,442229.0,0.0278,325174.0,31.48,2503.714
1009,2022-10-11,0.78,442229.0,0.0278,349223.0,31.48,2503.714
1010,2022-10-12,0.78,442229.0,0.0278,429375.0,31.48,2503.714
1011,2022-10-13,0.78,442229.0,0.0278,473745.0,31.48,2503.714
1012,2022-10-14,0.79,442229.0,0.0278,475116.0,31.48,2503.714
1013,2022-10-15,0.8,442229.0,0.0278,486364.0,31.48,2503.714
1014,2022-10-16,0.81,442229.0,0.0278,489832.0,31.48,2402.143
1015,2022-10-17,0.81,442229.0,0.0278,480181.0,31.48,2402.143
1016,2022-10-18,0.8,442229.0,0.0278,468415.0,31.48,2402.143
1017,2022-10-19,0.79,442229.0,0.0278,406276.0,31.48,2402.143
1018,2022-10-20,0.76,442229.0,0.0278,415446.0,31.48,2402.143
1019,2022-10-21,0.77,442229.0,0.0278,417428.0,31.48,2402.143
1020,2022-10-22,0.77,442229.0,0.0278,374202.0,31.48,2402.143
1021,2022-10-23,0.75,442229.0,0.0278,337276.0,31.48,1987.714
1022,2022-10-24,0.74,442229.0,0.0278,321560.0,31.48,1987.714
1023,2022-10-25,0.74,442229.0,0.0278,264457.0,31.48,1987.714
1024,2022-10-26,0.76,442229.0,0.0278,224537.0,31.48,1987.714
1025,2022-10-27,0.77,442229.0,0.0278,172938.0,31.48,1987.714
1026,2022-10-28,0.81,442229.0,0.0278,133008.0,31.48,1987.714
1027,2022-10-29,0.83,442229.0,0.0278,116571.0,31.48,1987.714
1028,2022-10-30,0.84,442229.0,0.0278,107938.0,31.48,1360.571
1029,2022-10-31,0.83,442229.0,0.0278,112850.0,31.48,1360.571
1030,2022-11-01,0.83,442229.0,0.0278,118824.0,31.48,1360.571
1031,2022-11-02,0.83,442229.0,0.0278,122250.0,31.48,1360.571
1032,2022-11-03,0.86,442229.0,0.0278,128274.0,31.48,1360.571
1033,2022-11-04,0.9,442229.0,0.0278,132408.0,31.48,1360.571
1034,2022-11-05,0.94,442229.0,0.0278,131929.0,31.48,1360.571
1035,2022-11-06,0.99,442229.0,0.0278,132363.0,31.48,1187.571
1036,2022-11-07,1.05,442229.0,0.0278,126590.0,31.48,1187.571
1037,2022-11-08,1.12,442229.0,0.0278,136050.0,31.48,1187.571
1038,2022-11-09,1.18,442229.0,0.0278,129023.0,31.48,1187.571
1039,2022-11-10,1.3,442229.0,0.0278,123559.0,31.48,1187.571
1040,2022-11-11,1.15,442229.0,0.0278,116134.0,31.48,1187.571
1041,2022-11-12,1.02,442229.0,0.0278,108306.0,31.48,1187.571
1042,2022-11-13,0.93,442229.0,0.0278,102353.0,31.48,828.286
1043,2022-11-14,0.86,442229.0,0.0278,101587.0,31.48,828.286
1044,2022-11-15,0.82,442229.0,0.0278,98341.0,31.48,828.286
1045,2022-11-16,0.8,442229.0,0.0278,101901.0,31.48,828.286
1046,2022-11-17,0.77,442229.0,0.0278,99803.0,31.48,828.286
1047,2022-11-18,0.73,442229.0,0.0278,94810.0,31.48,828.286
1048,2022-11-19,0.69,442229.0,0.0278,91461.0,31.48,828.286
1049,2022-11-20,0.66,442229.0,0.0278,89306.0,31.48,376.857
1050,2022-11-21,0.63,442229.0,0.0278,87527.0,31.48,376.857
1051,2022-11-22,0.61,442229.0,0.0278,81861.0,28.7,376.857
1052,2022-11-23,0.59,442229.0,0.0278,78207.0,28.7,376.857
1053,2022-11-24,0.55,442229.0,0.0278,73728.0,28.7,376.857
1054,2022-11-25,0.58,442229.0,0.0278,70234.0,28.7,376.857
1055,2022-11-26,0.6,442229.0,0.0278,67933.0,28.7,376.857
1056,2022-11-27,0.61,442229.0,0.0278,64956.0,28.7,363.857
1057,2022-11-28,0.61,442229.0,0.0278,64573.0,28.7,363.857
1058,2022-11-29,0.62,442229.0,0.0278,66987.0,28.7,363.857
1059,2022-11-30,0.61,442229.0,0.0278,59750.0,28.7,363.857
1060,2022-12-01,0.59,442229.0,0.0278,56366.0,28.7,363.857
1061,2022-12-02,0.61,442229.0,0.0278,52713.0,28.7,363.857
1062,2022-12-03,0.64,442229.0,0.0278,49948.0,28.7,363.857
1063,2022-12-04,0.66,442229.0,0.0278,49397.0,28.7,261.429
1064,2022-12-05,0.66,442229.0,0.0278,49067.0,28.7,261.429
1065,2022-12-06,0.67,442229.0,0.0278,41915.0,28.7,261.429
1066,2022-12-07,0.67,442229.0,0.0278,44004.0,28.7,261.429
1067,2022-12-08,0.67,442229.0,0.0278,41535.0,28.7,261.429
1068,2022-12-09,0.68,442229.0,0.0278,41178.0,28.7,261.429
1069,2022-12-10,0.69,442229.0,0.0278,40649.0,28.7,261.429
1070,2022-12-11,0.71,442229.0,0.0278,39816.0,28.7,204.286
1071,2022-12-12,0.77,442229.0,0.0278,40002.0,28.7,204.286
1072,2022-12-13,0.77,442229.0,0.0278,40985.0,28.7,204.286
1073,2022-12-14,0.77,442229.0,0.0278,43402.0,28.7,204.286
1074,2022-12-15,0.77,442229.0,0.0278,45020.0,28.7,204.286
1075,2022-12-16,0.79,442229.0,0.0278,46054.0,28.7,204.286
1076,2022-12-17,0.82,442229.0,0.0278,45890.0,28.7,204.286
1077,2022-12-18,0.84,442229.0,0.0278,46815.0,28.7,161.429
1078,2022-12-19,0.86,442229.0,0.0278,46606.0,28.7,161.429
1079,2022-12-20,0.89,442229.0,0.0278,46378.0,28.7,161.429
1080,2022-12-21,0.92,442229.0,0.0278,45894.0,28.7,161.429
1081,2022-12-22,0.96,442229.0,0.0278,48206.0,28.7,161.429
1082,2022-12-23,1.01,442229.0,0.0278,53262.0,28.7,161.429
1083,2022-12-24,1.05,442229.0,0.0278,61470.0,28.7,161.429
1084,2022-12-25,1.08,442229.0,0.0278,69218.0,28.7,164.857
1085,2022-12-26,1.09,442229.0,0.0278,73282.0,28.7,164.857
1086,2022-12-27,1.1,442229.0,0.0278,80034.0,28.7,164.857
1087,2022-12-28,1.1,442229.0,0.0278,85201.0,28.7,164.857
1088,2022-12-29,1.1,442229.0,0.0278,88366.0,28.7,164.857
1089,2022-12-30,1.08,442229.0,0.0278,87139.0,28.7,164.857
1090,2022-12-31,1.07,442229.0,0.0278,84512.0,28.7,164.857
1091,2023-01-01,1.06,442229.0,0.0278,78479.0,0.0,220.429
1092,2023-01-02,1.04,442229.0,0.0278,74398.0,0.0,220.429
1093,2023-01-03,1.04,442229.0,0.0278,67544.0,0.0,220.429
1094,2023-01-04,1.04,442229.0,0.0278,61592.0,0.0,220.429
1095,2023-01-05,1.04,442229.0,0.0278,56405.0,0.0,220.429
1096,2023-01-06,1.04,442229.0,0.0278,51180.0,0.0,220.429
1097,2023-01-07,1.04,442229.0,0.0278,46904.0,0.0,220.429
1098,2023-01-08,1.04,442229.0,0.0278,46504.0,0.0,182.143
1099,2023-01-09,1.04,442229.0,0.0278,47102.0,0.0,182.143
1100,2023-01-10,1.04,442229.0,0.0278,48446.0,0.0,182.143
1101,2023-01-11,1.04,442229.0,0.0278,48833.0,0.0,182.143
1102,2023-01-12,1.04,442229.0,0.0278,48907.0,0.0,182.143
1103,2023-01-13,1.04,442229.0,0.0278,49137.0,0.0,182.143
1104,2023-01-14,1.04,442229.0,0.0278,48163.0,0.0,182.143
1105,2023-01-15,1.04,442229.0,0.0278,43590.0,0.0,159.429
1106,2023-01-16,1.04,442229.0,0.0278,42537.0,0.0,159.429
1107,2023-01-17,1.04,442229.0,0.0278,42691.0,0.0,159.429
1108,2023-01-18,1.04,442229.0,0.0278,49660.0,0.0,159.429
1109,2023-01-19,1.04,442229.0,0.0278,68742.0,0.0,159.429
1110,2023-01-20,1.04,442229.0,0.0278,87143.0,0.0,159.429
1111,2023-01-21,1.04,442229.0,0.0278,111772.0,0.0,159.429
1112,2023-01-22,1.04,442229.0,0.0278,158566.0,0.0,125.857
1113,2023-01-23,1.04,442229.0,0.0278,164994.0,0.0,125.857
1114,2023-01-24,1.04,442229.0,0.0278,188481.0,0.0,125.857
1115,2023-01-25,1.04,442229.0,0.0278,205128.0,0.0,125.857
1116,2023-01-26,1.04,442229.0,0.0278,216100.0,0.0,125.857
1117,2023-01-27,1.04,442229.0,0.0278,197133.0,0.0,125.857
1118,2023-01-28,1.04,442229.0,0.0278,195785.0,0.0,125.857
1119,2023-01-29,1.04,442229.0,0.0278,183012.0,0.0,102.571
1120,2023-01-30,1.04,442229.0,0.0278,250817.0,0.0,102.571
1121,2023-01-31,1.04,442229.0,0.0278,258250.0,0.0,102.571
1122,2023-02-01,1.04,442229.0,0.0278,260923.0,0.0,102.571
1123,2023-02-02,1.04,442229.0,0.0278,246671.0,0.0,102.571
1124,2023-02-03,1.04,442229.0,0.0278,263275.0,0.0,102.571
1125,2023-02-04,1.04,442229.0,0.0278,255607.0,0.0,102.571
1126,2023-02-05,1.04,442229.0,0.0278,237952.0,0.0,103.429
1127,2023-02-06,1.04,442229.0,0.0278,169938.0,0.0,103.429
1128,2023-02-07,1.04,442229.0,0.0278,150192.0,0.0,103.429
1129,2023-02-08,1.04,442229.0,0.0278,134492.0,0.0,103.429
1130,2023-02-09,1.04,442229.0,0.0278,127011.0,0.0,103.429
1131,2023-02-10,1.04,442229.0,0.0278,114532.0,0.0,103.429
1132,2023-02-11,1.04,442229.0,0.0278,95077.0,0.0,103.429
1133,2023-02-12,1.04,442229.0,0.0278,76780.0,0.0,107.857
1134,2023-02-13,1.04,442229.0,0.0278,69884.0,0.0,107.857
1135,2023-02-14,1.04,442229.0,0.0278,51161.0,0.0,107.857
1136,2023-02-15,1.04,442229.0,0.0278,34241.0,0.0,107.857
1137,2023-02-16,1.04,442229.0,0.0278,18420.0,0.0,107.857
1138,2023-02-17,1.04,442229.0,0.0278,8897.0,0.0,107.857
1139,2023-02-18,1.04,442229.0,0.0278,6490.0,0.0,107.857
1140,2023-02-19,1.04,442229.0,0.0278,6028.0,0.0,114.143
1141,2023-02-20,1.04,442229.0,0.0278,5969.0,0.0,114.143
1142,2023-02-21,1.04,442229.0,0.0278,6045.0,0.0,114.143
1143,2023-02-22,1.04,442229.0,0.0278,5948.0,0.0,114.143
1144,2023-02-23,1.04,442229.0,0.0278,5916.0,0.0,114.143
1145,2023-02-24,1.04,442229.0,0.0278,5882.0,0.0,114.143
1146,2023-02-25,1.04,442229.0,0.0278,5721.0,0.0,114.143
1147,2023-02-26,1.04,442229.0,0.0278,5962.0,0.0,157.143
1148,2023-02-27,1.04,442229.0,0.0278,5967.0,0.0,157.143
1149,2023-02-28,1.04,442229.0,0.0278,5831.0,0.0,157.143
1150,2023-03-01,1.04,442229.0,0.0278,5810.0,0.0,157.143
1151,2023-03-02,1.04,442229.0,0.0278,5798.0,0.0,157.143
1152,2023-03-03,1.04,442229.0,0.0278,5765.0,0.0,157.143
1153,2023-03-04,1.04,442229.0,0.0278,5788.0,0.0,157.143
1154,2023-03-05,1.04,442229.0,0.0278,5941.0,0.0,257.571
1155,2023-03-06,1.04,442229.0,0.0278,5905.0,0.0,257.571
1156,2023-03-07,1.04,442229.0,0.0278,5760.0,0.0,257.571
1157,2023-03-08,1.04,442229.0,0.0278,5240.0,0.0,257.571
1158,2023-03-09,1.04,442229.0,0.0278,4585.0,0.0,257.571
1159,2023-03-10,1.04,442229.0,0.0278,4666.0,0.0,257.571
1160,2023-03-11,1.04,442229.0,0.0278,4716.0,0.0,257.571
1161,2023-03-12,1.04,442229.0,0.0278,4613.0,0.0,381.714
1162,2023-03-13,1.04,442229.0,0.0278,4663.0,0.0,381.714
1163,2023-03-14,1.04,442229.0,0.0278,5016.0,0.0,381.714
1164,2023-03-15,1.04,442229.0,0.0278,5786.0,0.0,381.714
1165,2023-03-16,1.04,442229.0,0.0278,6721.0,0.0,381.714
1166,2023-03-17,1.04,442229.0,0.0278,6831.0,0.0,381.714
1167,2023-03-18,1.04,442229.0,0.0278,6868.0,0.0,381.714
1168,2023-03-19,1.04,442229.0,0.0278,7193.0,0.0,704.0
1169,2023-03-20,1.04,442229.0,0.0278,7185.0,0.0,704.0
1170,2023-03-21,1.04,442229.0,0.0278,7208.0,0.0,704.0
1171,2023-03-22,1.04,442229.0,0.0278,7106.0,0.0,704.0
1172,2023-03-23,1.04,442229.0,0.0278,6802.0,0.0,704.0
1173,2023-03-24,1.04,442229.0,0.0278,6587.0,0.0,704.0
1174,2023-03-25,1.04,442229.0,0.0278,6920.0,0.0,704.0
1175,2023-03-26,1.04,442229.0,0.0278,6827.0,0.0,1246.714
1176,2023-03-27,1.04,442229.0,0.0278,6916.0,0.0,1246.714
1177,2023-03-28,1.04,442229.0,0.0278,7492.0,0.0,1246.714
1178,2023-03-29,1.04,442229.0,0.0278,8154.0,0.0,1246.714
1179,2023-03-30,1.04,442229.0,0.0278,9131.0,0.0,1246.714
1180,2023-03-31,1.04,442229.0,0.0278,9207.0,0.0,1246.714
1181,2023-04-01,1.04,442229.0,0.0278,9073.0,0.0,1246.714
1182,2023-04-02,1.04,442229.0,0.0278,8431.0,0.0,2636.857
1183,2023-04-03,1.04,442229.0,0.0278,8191.0,0.0,2636.857
1184,2023-04-04,1.04,442229.0,0.0278,6780.0,0.0,2636.857
1185,2023-04-05,1.04,442229.0,0.0278,5337.0,0.0,2636.857
1186,2023-04-06,1.04,442229.0,0.0278,3621.0,0.0,2636.857
1187,2023-04-07,1.04,442229.0,0.0278,2911.0,0.0,2636.857
1188,2023-04-08,1.04,442229.0,0.0278,1880.0,0.0,2636.857
1189,2023-04-09,1.04,442229.0,0.0278,1608.0,0.0,4858.714
1190,2023-04-10,1.04,442229.0,0.0278,1535.0,0.0,4858.714
1191,2023-04-11,1.04,442229.0,0.0278,1311.0,0.0,4858.714
1192,2023-04-12,1.04,442229.0,0.0278,1080.0,0.0,4858.714
1193,2023-04-13,1.04,442229.0,0.0278,848.0,0.0,4858.714
1194,2023-04-14,1.04,442229.0,0.0278,565.0,0.0,4858.714
1195,2023-04-15,1.04,442229.0,0.0278,420.0,0.0,4858.714
1196,2023-04-16,1.04,442229.0,0.0278,456.0,0.0,8785.571
1197,2023-04-17,1.04,442229.0,0.0278,436.0,0.0,8785.571
1198,2023-04-18,1.04,442229.0,0.0278,487.0,0.0,8785.571
1199,2023-04-19,1.04,442229.0,0.0278,497.0,0.0,8785.571
1200,2023-04-20,1.04,442229.0,0.0278,546.0,0.0,8785.571
1201,2023-04-21,1.04,442229.0,0.0278,1094.0,0.0,8785.571
1202,2023-04-22,1.04,442229.0,0.0278,1759.0,0.0,8785.571
1203,2023-04-23,1.04,442229.0,0.0278,1890.0,0.0,10553.429
1204,2023-04-24,1.04,442229.0,0.0278,1965.0,0.0,10553.429
1205,2023-04-25,1.04,442229.0,0.0278,2625.0,0.0,10553.429
1206,2023-04-26,1.04,442229.0,0.0278,3261.0,0.0,10553.429
1207,2023-04-27,1.04,442229.0,0.0278,3848.0,0.0,10553.429
1208,2023-04-28,1.04,442229.0,0.0278,3874.0,0.0,10553.429
1209,2023-04-29,1.04,442229.0,0.0278,3678.0,0.0,10553.429
1210,2023-04-30,1.04,442229.0,0.0278,3815.0,0.0,7628.571
1211,2023-05-01,1.04,442229.0,0.0278,3741.0,0.0,7628.571
1212,2023-05-02,1.04,442229.0,0.0278,3346.0,0.0,7628.571
1213,2023-05-03,1.04,442229.0,0.0278,2972.0,0.0,7628.571
1214,2023-05-04,1.04,442229.0,0.0278,2629.0,0.0,7628.571
1215,2023-05-05,1.04,442229.0,0.0278,2238.0,0.0,7628.571
1216,2023-05-06,1.04,442229.0,0.0278,1896.0,0.0,7628.571
1217,2023-05-07,1.04,442229.0,0.0278,1868.0,0.0,3463.0
1218,2023-05-08,1.04,442229.0,0.0278,1916.0,0.0,3463.0
1219,2023-05-09,1.04,442229.0,0.0278,1961.0,0.0,3463.0
1220,2023-05-10,1.04,442229.0,0.0278,1919.0,0.0,3463.0
1221,2023-05-11,1.04,442229.0,0.0278,1860.0,0.0,3463.0
1222,2023-05-12,1.04,442229.0,0.0278,1850.0,0.0,3463.0
1223,2023-05-13,1.04,442229.0,0.0278,1913.0,0.0,3463.0
1224,2023-05-14,1.04,442229.0,0.0278,1768.0,0.0,1577.714
1225,2023-05-15,1.04,442229.0,0.0278,1740.0,0.0,1577.714
1226,2023-05-16,1.04,442229.0,0.0278,1473.0,0.0,1577.714
1227,2023-05-17,1.04,442229.0,0.0278,1310.0,0.0,1577.714
1228,2023-05-18,1.04,442229.0,0.0278,1160.0,0.0,1577.714
1229,2023-05-19,1.04,442229.0,0.0278,1067.0,0.0,1577.714
1230,2023-05-20,1.04,442229.0,0.0278,951.0,0.0,1577.714
1231,2023-05-21,1.04,442229.0,0.0278,925.0,0.0,826.714
1232,2023-05-22,1.04,442229.0,0.0278,939.0,0.0,826.714
1233,2023-05-23,1.04,442229.0,0.0278,987.0,0.0,826.714
1234,2023-05-24,1.04,442229.0,0.0278,1071.0,0.0,826.714
1235,2023-05-25,1.04,442229.0,0.0278,1160.0,0.0,826.714
1236,2023-05-26,1.04,442229.0,0.0278,1216.0,0.0,826.714
1237,2023-05-27,1.04,442229.0,0.0278,1251.0,0.0,826.714
1238,2023-05-28,1.04,442229.0,0.0278,1280.0,0.0,469.0
1239,2023-05-29,1.04,442229.0,0.0278,1312.0,0.0,469.0
1240,2023-05-30,1.04,442229.0,0.0278,1353.0,0.0,469.0
1241,2023-05-31,1.04,442229.0,0.0278,1329.0,0.0,469.0
1242,2023-06-01,1.04,442229.0,0.0278,1281.0,0.0,469.0
1243,2023-06-02,1.04,442229.0,0.0278,1112.0,0.0,469.0
1244,2023-06-03,1.04,442229.0,0.0278,972.0,0.0,469.0
1245,2023-06-04,1.04,442229.0,0.0278,852.0,0.0,262.571
1246,2023-06-05,1.04,442229.0,0.0278,773.0,0.0,262.571
1247,2023-06-06,1.04,442229.0,0.0278,2396.0,0.0,262.571
1248,2023-06-07,1.04,442229.0,0.0278,2336.0,0.0,262.571
1249,2023-06-08,1.04,442229.0,0.0278,2292.0,0.0,262.571
1250,2023-06-09,1.04,442229.0,0.0278,2393.0,0.0,262.571
1251,2023-06-10,1.04,442229.0,0.0278,2467.0,0.0,262.571
1252,2023-06-11,1.04,442229.0,0.0278,2498.0,0.0,172.286
1253,2023-06-12,1.04,442229.0,0.0278,2507.0,0.0,172.286
1254,2023-06-13,1.04,442229.0,0.0278,709.0,0.0,172.286
1255,2023-06-14,1.04,442229.0,0.0278,656.0,0.0,172.286
1256,2023-06-15,1.04,442229.0,0.0278,591.0,0.0,172.286
1257,2023-06-16,1.04,442229.0,0.0278,561.0,0.0,172.286
1258,2023-06-17,1.04,442229.0,0.0278,532.0,0.0,172.286
1259,2023-06-18,1.04,442229.0,0.0278,495.0,0.0,98.857
1260,2023-06-19,1.04,442229.0,0.0278,487.0,0.0,98.857
1261,2023-06-20,1.04,442229.0,0.0278,485.0,0.0,98.857
1262,2023-06-21,1.04,442229.0,0.0278,458.0,0.0,98.857
1263,2023-06-22,1.04,442229.0,0.0278,450.0,0.0,98.857
1264,2023-06-23,1.04,442229.0,0.0278,410.0,0.0,98.857
1265,2023-06-24,1.04,442229.0,0.0278,386.0,0.0,98.857
1266,2023-06-25,1.04,442229.0,0.0278,391.0,0.0,67.429
1267,2023-06-26,1.04,442229.0,0.0278,391.0,0.0,67.429
1268,2023-06-27,1.04,442229.0,0.0278,389.0,0.0,67.429
1269,2023-06-28,1.04,442229.0,0.0278,397.0,0.0,67.429
1270,2023-06-29,1.04,442229.0,0.0278,397.0,0.0,67.429
1271,2023-06-30,1.04,442229.0,0.0278,387.0,0.0,67.429
1272,2023-07-01,1.04,442229.0,0.0278,378.0,0.0,67.429
1273,2023-07-02,1.04,442229.0,0.0278,357.0,0.0,47.0
1274,2023-07-03,1.04,442229.0,0.0278,366.0,0.0,47.0
1275,2023-07-04,1.04,442229.0,0.0278,396.0,0.0,47.0
1276,2023-07-05,1.04,442229.0,0.0278,462.0,0.0,47.0
1277,2023-07-06,1.04,442229.0,0.0278,489.0,0.0,47.0
1278,2023-07-07,1.04,442229.0,0.0278,557.0,0.0,47.0
1279,2023-07-08,1.04,442229.0,0.0278,615.0,0.0,47.0
1280,2023-07-09,1.04,442229.0,0.0278,644.0,0.0,42.0
1281,2023-07-10,1.04,442229.0,0.0278,664.0,0.0,42.0
1282,2023-07-11,1.04,442229.0,0.0278,670.0,0.0,42.0
1283,2023-07-12,1.04,442229.0,0.0278,634.0,0.0,42.0
1284,2023-07-13,1.04,442229.0,0.0278,680.0,0.0,42.0
1285,2023-07-14,1.04,442229.0,0.0278,615.0,0.0,42.0
1286,2023-07-15,1.04,442229.0,0.0278,558.0,0.0,42.0
1287,2023-07-16,1.04,442229.0,0.0278,545.0,0.0,43.286
1288,2023-07-17,1.04,442229.0,0.0278,515.0,0.0,43.286
1289,2023-07-18,1.04,442229.0,0.0278,469.0,0.0,43.286
1290,2023-07-19,1.04,442229.0,0.0278,457.0,0.0,43.286
1291,2023-07-20,1.04,442229.0,0.0278,403.0,0.0,43.286
1292,2023-07-21,1.04,442229.0,0.0278,418.0,0.0,43.286
1293,2023-07-22,1.04,442229.0,0.0278,409.0,0.0,43.286
1294,2023-07-23,1.04,442229.0,0.0278,390.0,0.0,55.143
1295,2023-07-24,1.04,442229.0,0.0278,384.0,0.0,55.143
1296,2023-07-25,1.04,442229.0,0.0278,398.0,0.0,55.143
1297,2023-07-26,1.04,442229.0,0.0278,408.0,0.0,55.143
1298,2023-07-27,1.04,442229.0,0.0278,402.0,0.0,55.143
1299,2023-07-28,1.04,442229.0,0.0278,389.0,0.0,55.143
1300,2023-07-29,1.04,442229.0,0.0278,394.0,0.0,55.143
1301,2023-07-30,1.04,442229.0,0.0278,386.0,0.0,46.286
1302,2023-07-31,1.04,442229.0,0.0278,386.0,0.0,46.286
1303,2023-08-01,1.04,442229.0,0.0278,382.0,0.0,46.286
1304,2023-08-02,1.04,442229.0,0.0278,344.0,0.0,46.286
1305,2023-08-03,1.04,442229.0,0.0278,323.0,0.0,46.286
1306,2023-08-04,1.04,442229.0,0.0278,319.0,0.0,46.286
1307,2023-08-05,1.04,442229.0,0.0278,337.0,0.0,46.286
1308,2023-08-06,1.04,442229.0,0.0278,351.0,0.0,56.0
1309,2023-08-07,1.04,442229.0,0.0278,351.0,0.0,56.0
1310,2023-08-08,1.04,442229.0,0.0278,335.0,0.0,56.0
1311,2023-08-09,1.04,442229.0,0.0278,348.0,0.0,56.0
1312,2023-08-10,1.04,442229.0,0.0278,359.0,0.0,56.0
1313,2023-08-11,1.04,442229.0,0.0278,370.0,0.0,56.0
1314,2023-08-12,1.04,442229.0,0.0278,353.0,0.0,56.0
1315,2023-08-13,1.04,442229.0,0.0278,332.0,0.0,42.0
1316,2023-08-14,1.04,442229.0,0.0278,334.0,0.0,42.0
1317,2023-08-15,1.04,442229.0,0.0278,346.0,0.0,42.0
1318,2023-08-16,1.04,442229.0,0.0278,303.0,0.0,42.0
1319,2023-08-17,1.04,442229.0,0.0278,316.0,0.0,42.0
1320,2023-08-18,1.04,442229.0,0.0278,342.0,0.0,42.0
1321,2023-08-19,1.04,442229.0,0.0278,395.0,0.0,42.0
1322,2023-08-20,1.04,442229.0,0.0278,462.0,0.0,46.429
1323,2023-08-21,1.04,442229.0,0.0278,476.0,0.0,46.429
1324,2023-08-22,1.04,442229.0,0.0278,556.0,0.0,46.429
1325,2023-08-23,1.04,442229.0,0.0278,699.0,0.0,46.429
1326,2023-08-24,1.04,442229.0,0.0278,791.0,0.0,46.429
1327,2023-08-25,1.04,442229.0,0.0278,973.0,0.0,46.429
1328,2023-08-26,1.04,442229.0,0.0278,898.0,0.0,46.429
1329,2023-08-27,1.04,442229.0,0.0278,842.0,0.0,52.0
1330,2023-08-28,1.04,442229.0,0.0278,823.0,0.0,52.0
1331,2023-08-29,1.04,442229.0,0.0278,715.0,0.0,52.0
1332,2023-08-30,1.04,442229.0,0.0278,587.0,0.0,52.0
1333,2023-08-31,1.04,442229.0,0.0278,443.0,0.0,52.0
1334,2023-09-01,1.04,442229.0,0.0278,205.0,0.0,52.0
1335,2023-09-02,1.04,442229.0,0.0278,187.0,0.0,52.0
1336,2023-09-03,1.04,442229.0,0.0278,146.0,0.0,51.857
1337,2023-09-04,1.04,442229.0,0.0278,148.0,0.0,51.857
1338,2023-09-05,1.04,442229.0,0.0278,143.0,0.0,51.857
1339,2023-09-06,1.04,442229.0,0.0278,133.0,0.0,51.857
1340,2023-09-07,1.04,442229.0,0.0278,131.0,0.0,51.857
1341,2023-09-08,1.04,442229.0,0.0278,122.0,0.0,51.857
1342,2023-09-09,1.04,442229.0,0.0278,119.0,0.0,51.857
1343,2023-09-10,1.04,442229.0,0.0278,133.0,0.0,54.857
1344,2023-09-11,1.04,442229.0,0.0278,127.0,0.0,54.857
1345,2023-09-12,1.04,442229.0,0.0278,128.0,0.0,54.857
1346,2023-09-13,1.04,442229.0,0.0278,130.0,0.0,54.857
1347,2023-09-14,1.04,442229.0,0.0278,134.0,0.0,54.857
1348,2023-09-15,1.04,442229.0,0.0278,136.0,0.0,54.857
1349,2023-09-16,1.04,442229.0,0.0278,141.0,0.0,54.857
1350,2023-09-17,1.04,442229.0,0.0278,157.0,0.0,64.571
1351,2023-09-18,1.04,442229.0,0.0278,156.0,0.0,64.571
1352,2023-09-19,1.04,442229.0,0.0278,151.0,0.0,64.571
1353,2023-09-20,1.04,442229.0,0.0278,143.0,0.0,64.571
1354,2023-09-21,1.04,442229.0,0.0278,144.0,0.0,64.571
1355,2023-09-22,1.04,442229.0,0.0278,144.0,0.0,64.571
1356,2023-09-23,1.04,442229.0,0.0278,145.0,0.0,64.571
1357,2023-09-24,1.04,442229.0,0.0278,127.0,0.0,51.857
1358,2023-09-25,1.04,442229.0,0.0278,128.0,0.0,51.857
1359,2023-09-26,1.04,442229.0,0.0278,136.0,0.0,51.857
1360,2023-09-27,1.04,442229.0,0.0278,137.0,0.0,51.857
1361,2023-09-28,1.04,442229.0,0.0278,130.0,0.0,51.857
1362,2023-09-29,1.04,442229.0,0.0278,118.0,0.0,51.857
1363,2023-09-30,1.04,442229.0,0.0278,114.0,0.0,51.857
1364,2023-10-01,1.04,442229.0,0.0278,115.0,0.0,44.714
1365,2023-10-02,1.04,442229.0,0.0278,106.0,0.0,44.714
1366,2023-10-03,1.04,442229.0,0.0278,83.0,0.0,44.714
1367,2023-10-04,1.04,442229.0,0.0278,98.0,0.0,44.714
1368,2023-10-05,1.04,442229.0,0.0278,98.0,0.0,44.714
1369,2023-10-06,1.04,442229.0,0.0278,105.0,0.0,44.714
1370,2023-10-07,1.04,442229.0,0.0278,107.0,0.0,44.714
1371,2023-10-08,1.04,442229.0,0.0278,109.0,0.0,70.0
1372,2023-10-09,1.04,442229.0,0.0278,117.0,0.0,70.0
1373,2023-10-10,1.04,442229.0,0.0278,143.0,0.0,70.0
1374,2023-10-11,1.04,442229.0,0.0278,133.0,0.0,70.0
1375,2023-10-12,1.04,442229.0,0.0278,133.0,0.0,70.0
1376,2023-10-13,1.04,442229.0,0.0278,137.0,0.0,70.0
1377,2023-10-14,1.04,442229.0,0.0278,136.0,0.0,70.0
1378,2023-10-15,1.04,442229.0,0.0278,133.0,0.0,37.143
1379,2023-10-16,1.04,442229.0,0.0278,134.0,0.0,37.143
1380,2023-10-17,1.04,442229.0,0.0278,124.0,0.0,37.143
1381,2023-10-18,1.04,442229.0,0.0278,119.0,0.0,37.143
1382,2023-10-19,1.04,442229.0,0.0278,123.0,0.0,37.143
1383,2023-10-20,1.04,442229.0,0.0278,116.0,0.0,37.143
1384,2023-10-21,1.04,442229.0,0.0278,113.0,0.0,37.143
1385,2023-10-22,1.04,442229.0,0.0278,110.0,0.0,209.143
1386,2023-10-23,1.04,442229.0,0.0278,103.0,0.0,209.143
1387,2023-10-24,1.04,442229.0,0.0278,95.0,0.0,209.143
1388,2023-10-25,1.04,442229.0,0.0278,89.0,0.0,209.143
1389,2023-10-26,1.04,442229.0,0.0278,83.0,0.0,209.143
1390,2023-10-27,1.04,442229.0,0.0278,85.0,0.0,209.143
1391,2023-10-28,1.04,442229.0,0.0278,84.0,0.0,209.143
1392,2023-10-29,1.04,442229.0,0.0278,81.0,0.0,27.571
1393,2023-10-30,1.04,442229.0,0.0278,85.0,0.0,27.571
1394,2023-10-31,1.04,442229.0,0.0278,92.0,0.0,27.571
1395,2023-11-01,1.04,442229.0,0.0278,97.0,0.0,27.571
1396,2023-11-02,1.04,442229.0,0.0278,95.0,0.0,27.571
1397,2023-11-03,1.04,442229.0,0.0278,94.0,0.0,27.571
1398,2023-11-04,1.04,442229.0,0.0278,98.0,0.0,27.571
1399,2023-11-05,1.04,442229.0,0.0278,103.0,0.0,19.857
1400,2023-11-06,1.04,442229.0,0.0278,103.0,0.0,19.857
1401,2023-11-07,1.04,442229.0,0.0278,104.0,0.0,19.857
1402,2023-11-08,1.04,442229.0,0.0278,104.0,0.0,19.857
1403,2023-11-09,1.04,442229.0,0.0278,109.0,0.0,19.857
1404,2023-11-10,1.04,442229.0,0.0278,104.0,0.0,19.857
1405,2023-11-11,1.04,442229.0,0.0278,96.0,0.0,19.857
1406,2023-11-12,1.04,442229.0,0.0278,89.0,0.0,10.286
1407,2023-11-13,1.04,442229.0,0.0278,85.0,0.0,10.286
1408,2023-11-14,1.04,442229.0,0.0278,76.0,0.0,10.286
1409,2023-11-15,1.04,442229.0,0.0278,71.0,0.0,10.286
1410,2023-11-16,1.04,442229.0,0.0278,65.0,0.0,10.286
1411,2023-11-17,1.04,442229.0,0.0278,67.0,0.0,10.286
1412,2023-11-18,1.04,442229.0,0.0278,71.0,0.0,10.286
1413,2023-11-19,1.04,442229.0,0.0278,77.0,0.0,17.0
1414,2023-11-20,1.04,442229.0,0.0278,80.0,0.0,17.0
1415,2023-11-21,1.04,442229.0,0.0278,89.0,0.0,17.0
1416,2023-11-22,1.04,442229.0,0.0278,92.0,0.0,17.0
1417,2023-11-23,1.04,442229.0,0.0278,95.0,0.0,17.0
1418,2023-11-24,1.04,442229.0,0.0278,97.0,0.0,17.0
1419,2023-11-25,1.04,442229.0,0.0278,95.0,0.0,17.0
1420,2023-11-26,1.04,442229.0,0.0278,90.0,0.0,27.0
1421,2023-11-27,1.04,442229.0,0.0278,91.0,0.0,27.0
1422,2023-11-28,1.04,442229.0,0.0278,87.0,0.0,27.0
1423,2023-11-29,1.04,442229.0,0.0278,85.0,0.0,27.0
1424,2023-11-30,1.04,442229.0,0.0278,85.0,0.0,27.0
1425,2023-12-01,1.04,442229.0,0.0278,87.0,0.0,27.0
1426,2023-12-02,1.04,442229.0,0.0278,86.0,0.0,27.0
1427,2023-12-03,1.04,442229.0,0.0278,88.0,0.0,59.286
1428,2023-12-04,1.04,442229.0,0.0278,87.0,0.0,59.286
1429,2023-12-05,1.04,442229.0,0.0278,84.0,0.0,59.286
1430,2023-12-06,1.04,442229.0,0.0278,82.0,0.0,59.286
1431,2023-12-07,1.04,442229.0,0.0278,78.0,0.0,59.286
1432,2023-12-08,1.04,442229.0,0.0278,75.0,0.0,59.286
1433,2023-12-09,1.04,442229.0,0.0278,75.0,0.0,59.286
1434,2023-12-10,1.04,442229.0,0.0278,77.0,0.0,125.143
1435,2023-12-11,1.04,442229.0,0.0278,73.0,0.0,125.143
1436,2023-12-12,1.04,442229.0,0.0278,64.0,0.0,125.143
1437,2023-12-13,1.04,442229.0,0.0278,54.0,0.0,125.143
1438,2023-12-14,1.04,442229.0,0.0278,66.0,0.0,125.143
1439,2023-12-15,1.04,442229.0,0.0278,74.0,0.0,125.143
1440,2023-12-16,1.04,442229.0,0.0278,75.0,0.0,125.143
1441,2023-12-17,1.04,442229.0,0.0278,81.0,0.0,251.571
1442,2023-12-18,1.04,442229.0,0.0278,87.0,0.0,251.571
1443,2023-12-19,1.04,442229.0,0.0278,87.0,0.0,251.571
1444,2023-12-20,1.04,442229.0,0.0278,105.0,0.0,251.571
1445,2023-12-21,1.04,442229.0,0.0278,100.0,0.0,251.571
1446,2023-12-22,1.04,442229.0,0.0278,98.0,0.0,251.571
1447,2023-12-23,1.04,442229.0,0.0278,102.0,0.0,251.571
1448,2023-12-24,1.04,442229.0,0.0278,99.0,0.0,543.429
1449,2023-12-25,1.04,442229.0,0.0278,111.0,0.0,543.429
1450,2023-12-26,1.04,442229.0,0.0278,127.0,0.0,543.429
1451,2023-12-27,1.04,442229.0,0.0278,127.0,0.0,543.429
1452,2023-12-28,1.04,442229.0,0.0278,127.0,0.0,543.429
1453,2023-12-29,1.04,442229.0,0.0278,127.0,0.0,543.429
1454,2023-12-30,1.04,442229.0,0.0278,127.0,0.0,543.429
1455,2023-12-31,1.04,442229.0,0.0278,127.0,0.0,650.286
1456,2024-01-01,1.04,442229.0,0.0278,127.0,0.0,650.286
1457,2024-01-02,1.04,442229.0,0.0278,127.0,0.0,650.286
1458,2024-01-03,1.04,442229.0,0.0278,127.0,0.0,650.286
1459,2024-01-04,1.04,442229.0,0.0278,127.0,0.0,650.286
1460,2024-01-05,1.04,442229.0,0.0278,127.0,0.0,650.286
1461,2024-01-06,1.04,442229.0,0.0278,127.0,0.0,650.286
1462,2024-01-07,1.04,442229.0,0.0278,143.0,0.0,708.857
1463,2024-01-08,1.04,442229.0,0.0278,134.0,0.0,708.857
1464,2024-01-09,1.04,442229.0,0.0278,147.0,0.0,708.857
1465,2024-01-10,1.04,442229.0,0.0278,162.0,0.0,708.857
1466,2024-01-11,1.04,442229.0,0.0278,170.0,0.0,708.857
1467,2024-01-12,1.04,442229.0,0.0278,173.0,0.0,708.857
1468,2024-01-13,1.04,442229.0,0.0278,214.0,0.0,708.857
1469,2024-01-14,1.04,442229.0,0.0278,196.0,0.0,517.714
1470,2024-01-15,1.04,442229.0,0.0278,194.0,0.0,517.714
1471,2024-01-16,1.04,442229.0,0.0278,185.0,0.0,517.714
1472,2024-01-17,1.04,442229.0,0.0278,173.0,0.0,517.714
1473,2024-01-18,1.04,442229.0,0.0278,201.0,0.0,517.714
1474,2024-01-19,1.04,442229.0,0.0278,215.0,0.0,517.714
1475,2024-01-20,1.04,442229.0,0.0278,196.0,0.0,517.714
1476,2024-01-21,1.04,442229.0,0.0278,206.0,0.0,284.714
1477,2024-01-22,1.04,442229.0,0.0278,205.0,0.0,284.714
1478,2024-01-23,1.04,442229.0,0.0278,201.0,0.0,284.714
1479,2024-01-24,1.04,442229.0,0.0278,204.0,0.0,284.714
1480,2024-01-25,1.04,442229.0,0.0278,183.0,0.0,284.714
1481,2024-01-26,1.04,442229.0,0.0278,163.0,0.0,284.714
1482,2024-01-27,1.04,442229.0,0.0278,127.0,0.0,284.714
1483,2024-01-28,1.04,442229.0,0.0278,114.0,0.0,189.286
1484,2024-01-29,1.04,442229.0,0.0278,112.0,0.0,189.286
1485,2024-01-30,1.04,442229.0,0.0278,136.0,0.0,189.286
1486,2024-01-31,1.04,442229.0,0.0278,143.0,0.0,189.286
1487,2024-02-01,1.04,442229.0,0.0278,145.0,0.0,189.286
1488,2024-02-02,1.04,442229.0,0.0278,193.0,0.0,189.286
1489,2024-02-03,1.04,442229.0,0.0278,282.0,0.0,189.286
1490,2024-02-04,1.04,442229.0,0.0278,309.0,0.0,151.857
1491,2024-02-05,1.04,442229.0,0.0278,320.0,0.0,151.857
1492,2024-02-06,1.04,442229.0,0.0278,289.0,0.0,151.857
1493,2024-02-07,1.04,442229.0,0.0278,314.0,0.0,151.857
1494,2024-02-08,1.04,442229.0,0.0278,306.0,0.0,151.857
1495,2024-02-09,1.04,442229.0,0.0278,283.0,0.0,151.857
1496,2024-02-10,1.04,442229.0,0.0278,203.0,0.0,151.857
1497,2024-02-11,1.04,442229.0,0.0278,172.0,0.0,144.571
1498,2024-02-12,1.04,442229.0,0.0278,161.0,0.0,144.571
1499,2024-02-13,1.04,442229.0,0.0278,162.0,0.0,144.571
1500,2024-02-14,1.04,442229.0,0.0278,143.0,0.0,144.571
1501,2024-02-15,1.04,442229.0,0.0278,171.0,0.0,144.571
1502,2024-02-16,1.04,442229.0,0.0278,346.0,0.0,144.571
1503,2024-02-17,1.04,442229.0,0.0278,547.0,0.0,144.571
1504,2024-02-18,1.04,442229.0,0.0278,753.0,0.0,128.857
1505,2024-02-19,1.04,442229.0,0.0278,787.0,0.0,128.857
1506,2024-02-20,1.04,442229.0,0.0278,1250.0,0.0,128.857
1507,2024-02-21,1.04,442229.0,0.0278,1445.0,0.0,128.857
1508,2024-02-22,1.04,442229.0,0.0278,1541.0,0.0,128.857
1509,2024-02-23,1.04,442229.0,0.0278,1464.0,0.0,128.857
1510,2024-02-24,1.04,442229.0,0.0278,1385.0,0.0,128.857
1511,2024-02-25,1.04,442229.0,0.0278,1256.0,0.0,140.286
1512,2024-02-26,1.04,442229.0,0.0278,1225.0,0.0,140.286
1513,2024-02-27,1.04,442229.0,0.0278,874.0,0.0,140.286
1514,2024-02-28,1.04,442229.0,0.0278,767.0,0.0,140.286
1515,2024-02-29,1.04,442229.0,0.0278,750.0,0.0,140.286
1516,2024-03-01,1.04,442229.0,0.0278,746.0,0.0,140.286
1517,2024-03-02,1.04,442229.0,0.0278,672.0,0.0,140.286
1518,2024-03-03,1.04,442229.0,0.0278,600.0,0.0,168.143
1519,2024-03-04,1.04,442229.0,0.0278,599.0,0.0,168.143
1520,2024-03-05,1.04,442229.0,0.0278,508.0,0.0,168.143
1521,2024-03-06,1.04,442229.0,0.0278,402.0,0.0,168.143
1522,2024-03-07,1.04,442229.0,0.0278,287.0,0.0,168.143
1523,2024-03-08,1.04,442229.0,0.0278,222.0,0.0,168.143
1524,2024-03-09,1.04,442229.0,0.0278,277.0,0.0,168.143
1525,2024-03-10,1.04,442229.0,0.0278,402.0,0.0,171.714
1526,2024-03-11,1.04,442229.0,0.0278,479.0,0.0,171.714
1527,2024-03-12,1.04,442229.0,0.0278,639.0,0.0,171.714
1528,2024-03-13,1.04,442229.0,0.0278,755.0,0.0,171.714
1529,2024-03-14,1.04,442229.0,0.0278,1113.0,0.0,171.714
1530,2024-03-15,1.04,442229.0,0.0278,1607.0,0.0,171.714
1531,2024-03-16,1.04,442229.0,0.0278,2173.0,0.0,171.714
1532,2024-03-17,1.04,442229.0,0.0278,2851.0,0.0,177.286
1533,2024-03-18,1.04,442229.0,0.0278,2837.0,0.0,177.286
1534,2024-03-19,1.04,442229.0,0.0278,3770.0,0.0,177.286
1535,2024-03-20,1.04,442229.0,0.0278,5032.0,0.0,177.286
1536,2024-03-21,1.04,442229.0,0.0278,5828.0,0.0,177.286
1537,2024-03-22,1.04,442229.0,0.0278,6057.0,0.0,177.286
1538,2024-03-23,1.04,442229.0,0.0278,6175.0,0.0,177.286
1539,2024-03-24,1.04,442229.0,0.0278,5963.0,0.0,141.286
1540,2024-03-25,1.04,442229.0,0.0278,5991.0,0.0,141.286
1541,2024-03-26,1.04,442229.0,0.0278,5120.0,0.0,141.286
1542,2024-03-27,1.04,442229.0,0.0278,5206.0,0.0,141.286
1543,2024-03-28,1.04,442229.0,0.0278,5099.0,0.0,141.286
1544,2024-03-29,1.04,442229.0,0.0278,4522.0,0.0,141.286
1545,2024-03-30,1.04,442229.0,0.0278,3723.0,0.0,141.286
1546,2024-03-31,1.04,442229.0,0.0278,3129.0,0.0,102.286
1547,2024-04-01,1.04,442229.0,0.0278,3036.0,0.0,102.286
1548,2024-04-02,1.04,442229.0,0.0278,2783.0,0.0,102.286
1549,2024-04-03,1.04,442229.0,0.0278,1301.0,0.0,102.286
1550,2024-04-04,1.04,442229.0,0.0278,238.0,0.0,102.286
1551,2024-04-05,1.04,442229.0,0.0278,27.0,0.0,102.286
1552,2024-04-06,1.04,442229.0,0.0278,28.0,0.0,102.286
1553,2024-04-07,1.04,442229.0,0.0278,23.0,0.0,99.286
1554,2024-04-08,1.04,442229.0,0.0278,24.0,0.0,99.286
1555,2024-04-09,1.04,442229.0,0.0278,24.0,0.0,99.286
1556,2024-04-10,1.04,442229.0,0.0278,24.0,0.0,99.286
1557,2024-04-11,1.04,442229.0,0.0278,22.0,0.0,99.286
1558,2024-04-12,1.04,442229.0,0.0278,21.0,0.0,99.286
1559,2024-04-13,1.04,442229.0,0.0278,22.0,0.0,99.286
1560,2024-04-14,1.04,442229.0,0.0278,19.0,0.0,74.0
1561,2024-04-15,1.04,442229.0,0.0278,17.0,0.0,74.0
1562,2024-04-16,1.04,442229.0,0.0278,19.0,0.0,74.0
1563,2024-04-17,1.04,442229.0,0.0278,23.0,0.0,74.0
1564,2024-04-18,1.04,442229.0,0.0278,24.0,0.0,74.0
1565,2024-04-19,1.04,442229.0,0.0278,25.0,0.0,74.0
1566,2024-04-20,1.04,442229.0,0.0278,25.0,0.0,74.0
1567,2024-04-21,1.04,442229.0,0.0278,25.0,0.0,89.143
1568,2024-04-22,1.04,442229.0,0.0278,26.0,0.0,89.143
1569,2024-04-23,1.04,442229.0,0.0278,28.0,0.0,89.143
1570,2024-04-24,1.04,442229.0,0.0278,27.0,0.0,89.143
1571,2024-04-25,1.04,442229.0,0.0278,28.0,0.0,89.143
1572,2024-04-26,1.04,442229.0,0.0278,28.0,0.0,89.143
1573,2024-04-27,1.04,442229.0,0.0278,28.0,0.0,89.143
1574,2024-04-28,1.04,442229.0,0.0278,30.0,0.0,108.0
1575,2024-04-29,1.04,442229.0,0.0278,28.0,0.0,108.0
1576,2024-04-30,1.04,442229.0,0.0278,28.0,0.0,108.0
1577,2024-05-01,1.04,442229.0,0.0278,25.0,0.0,108.0
1578,2024-05-02,1.04,442229.0,0.0278,23.0,0.0,108.0
1579,2024-05-03,1.04,442229.0,0.0278,22.0,0.0,108.0
1580,2024-05-04,1.04,442229.0,0.0278,20.0,0.0,108.0
1581,2024-05-05,1.04,442229.0,0.0278,18.0,0.0,117.571
1582,2024-05-06,1.04,442229.0,0.0278,20.0,0.0,117.571
1583,2024-05-07,1.04,442229.0,0.0278,16.0,0.0,117.571
1584,2024-05-08,1.04,442229.0,0.0278,15.0,0.0,117.571
1585,2024-05-09,1.04,442229.0,0.0278,16.0,0.0,117.571
1586,2024-05-10,1.04,442229.0,0.0278,17.0,0.0,117.571
1587,2024-05-11,1.04,442229.0,0.0278,20.0,0.0,117.571
1588,2024-05-12,1.04,442229.0,0.0278,20.0,0.0,106.0
1589,2024-05-13,1.04,442229.0,0.0278,17.0,0.0,106.0
1590,2024-05-14,1.04,442229.0,0.0278,18.0,0.0,106.0
1591,2024-05-15,1.04,442229.0,0.0278,17.0,0.0,106.0
1592,2024-05-16,1.04,442229.0,0.0278,17.0,0.0,106.0
1593,2024-05-17,1.04,442229.0,0.0278,17.0,0.0,106.0
1594,2024-05-18,1.04,442229.0,0.0278,14.0,0.0,106.0
1595,2024-05-19,1.04,442229.0,0.0278,16.0,0.0,88.857
1596,2024-05-20,1.04,442229.0,0.0278,18.0,0.0,88.857
1597,2024-05-21,1.04,442229.0,0.0278,19.0,0.0,88.857
1598,2024-05-22,1.04,442229.0,0.0278,21.0,0.0,88.857
1599,2024-05-23,1.04,442229.0,0.0278,22.0,0.0,88.857
1600,2024-05-24,1.04,442229.0,0.0278,22.0,0.0,88.857
1601,2024-05-25,1.04,442229.0,0.0278,22.0,0.0,88.857
1602,2024-05-26,1.04,442229.0,0.0278,25.0,0.0,52.857
1603,2024-05-27,1.04,442229.0,0.0278,23.0,0.0,52.857
1604,2024-05-28,1.04,442229.0,0.0278,23.0,0.0,52.857
1605,2024-05-29,1.04,442229.0,0.0278,28.0,0.0,52.857
1606,2024-05-30,1.04,442229.0,0.0278,28.0,0.0,52.857
1607,2024-05-31,1.04,442229.0,0.0278,28.0,0.0,52.857
1608,2024-06-01,1.04,442229.0,0.0278,28.0,0.0,52.857
1609,2024-06-02,1.04,442229.0,0.0278,24.0,0.0,51.714
1610,2024-06-03,1.04,442229.0,0.0278,25.0,0.0,51.714
1611,2024-06-04,1.04,442229.0,0.0278,24.0,0.0,51.714
1612,2024-06-05,1.04,442229.0,0.0278,17.0,0.0,51.714
1613,2024-06-06,1.04,442229.0,0.0278,16.0,0.0,51.714
1614,2024-06-07,1.04,442229.0,0.0278,16.0,0.0,51.714
1615,2024-06-08,1.04,442229.0,0.0278,14.0,0.0,51.714
1616,2024-06-09,1.04,442229.0,0.0278,14.0,0.0,23.429
1617,2024-06-10,1.04,442229.0,0.0278,13.0,0.0,23.429
1618,2024-06-11,1.04,442229.0,0.0278,12.0,0.0,23.429
1619,2024-06-12,1.04,442229.0,0.0278,12.0,0.0,23.429
1620,2024-06-13,1.04,442229.0,0.0278,10.0,0.0,23.429
1621,2024-06-14,1.04,442229.0,0.0278,9.0,0.0,23.429
1622,2024-06-15,1.04,442229.0,0.0278,12.0,0.0,23.429
1623,2024-06-16,1.04,442229.0,0.0278,11.0,0.0,5.429
1624,2024-06-17,1.04,442229.0,0.0278,11.0,0.0,5.429
1625,2024-06-18,1.04,442229.0,0.0278,11.0,0.0,5.429
1626,2024-06-19,1.04,442229.0,0.0278,11.0,0.0,5.429
1627,2024-06-20,1.04,442229.0,0.0278,13.0,0.0,5.429
1628,2024-06-21,1.04,442229.0,0.0278,13.0,0.0,5.429
1629,2024-06-22,1.04,442229.0,0.0278,11.0,0.0,5.429
1630,2024-06-23,1.04,442229.0,0.0278,13.0,0.0,30.0
1631,2024-06-24,1.04,442229.0,0.0278,13.0,0.0,30.0
1632,2024-06-25,1.04,442229.0,0.0278,16.0,0.0,30.0
1633,2024-06-26,1.04,442229.0,0.0278,17.0,0.0,30.0
1634,2024-06-27,1.04,442229.0,0.0278,16.0,0.0,30.0
1635,2024-06-28,1.04,442229.0,0.0278,17.0,0.0,30.0
1636,2024-06-29,1.04,442229.0,0.0278,17.0,0.0,30.0
1637,2024-06-30,1.04,442229.0,0.0278,19.0,0.0,47.714
1638,2024-07-01,1.04,442229.0,0.0278,19.0,0.0,47.714
1639,2024-07-02,1.04,442229.0,0.0278,17.0,0.0,47.714
1640,2024-07-03,1.04,442229.0,0.0278,16.0,0.0,47.714
1641,2024-07-04,1.04,442229.0,0.0278,16.0,0.0,47.714
1642,2024-07-05,1.04,442229.0,0.0278,14.0,0.0,47.714
1643,2024-07-06,1.04,442229.0,0.0278,13.0,0.0,47.714
1644,2024-07-07,1.04,442229.0,0.0278,9.0,0.0,19.143
1645,2024-07-08,1.04,442229.0,0.0278,9.0,0.0,19.143
1646,2024-07-09,1.04,442229.0,0.0278,8.0,0.0,19.143
1647,2024-07-10,1.04,442229.0,0.0278,9.0,0.0,19.143
1648,2024-07-11,1.04,442229.0,0.0278,9.0,0.0,19.143
1649,2024-07-12,1.04,442229.0,0.0278,9.0,0.0,19.143
1650,2024-07-13,1.04,442229.0,0.0278,10.0,0.0,19.143
1651,2024-07-14,1.04,442229.0,0.0278,10.0,0.0,0.0
1652,2024-07-15,1.04,442229.0,0.0278,10.0,0.0,0.0
1653,2024-07-16,1.04,442229.0,0.0278,10.0,0.0,0.0
1654,2024-07-17,1.04,442229.0,0.0278,9.0,0.0,0.0
1655,2024-07-18,1.04,442229.0,0.0278,9.0,0.0,0.0
1656,2024-07-19,1.04,442229.0,0.0278,8.0,0.0,0.0
1657,2024-07-20,1.04,442229.0,0.0278,7.0,0.0,0.0
1658,2024-07-21,1.04,442229.0,0.0278,7.0,0.0,62.857
1659,2024-07-22,1.04,442229.0,0.0278,7.0,0.0,62.857
1660,2024-07-23,1.04,442229.0,0.0278,7.0,0.0,62.857
1661,2024-07-24,1.04,442229.0,0.0278,7.0,0.0,62.857
1662,2024-07-25,1.04,442229.0,0.0278,7.0,0.0,62.857
1663,2024-07-26,1.04,442229.0,0.0278,8.0,0.0,62.857
1664,2024-07-27,1.04,442229.0,0.0278,9.0,0.0,62.857
1665,2024-07-28,1.04,442229.0,0.0278,10.0,0.0,34.714
1666,2024-07-29,1.04,442229.0,0.0278,10.0,0.0,34.714
1667,2024-07-30,1.04,442229.0,0.0278,11.0,0.0,34.714
1668,2024-07-31,1.04,442229.0,0.0278,10.0,0.0,34.714
1669,2024-08-01,1.04,442229.0,0.0278,9.0,0.0,34.714
1670,2024-08-02,1.04,442229.0,0.0278,10.0,0.0,34.714
1671,2024-08-03,1.04,442229.0,0.0278,10.0,0.0,34.714
1672,2024-08-04,1.04,442229.0,0.0278,10.0,0.0,44.714
1673,2024-08-05,1.04,442229.0,0.0278,9.0,0.0,44.714
1674,2024-08-06,1.04,442229.0,0.0278,9.0,0.0,44.714
1675,2024-08-07,1.04,442229.0,0.0278,8.0,0.0,44.714
1676,2024-08-08,1.04,442229.0,0.0278,9.0,0.0,44.714
1677,2024-08-09,1.04,442229.0,0.0278,8.0,0.0,44.714
1678,2024-08-10,1.04,442229.0,0.0278,9.0,0.0,44.714
1679,2024-08-11,1.04,442229.0,0.0278,8.0,0.0,44.714
1680,2024-08-12,1.04,442229.0,0.0278,8.0,0.0,44.714
