location,date,new_cases_smoothed,risk_score,risk_zone
Argentina,2024-01-01,0.0,0.0,Low
Argentina,2024-01-02,0.0,0.0,Low
Argentina,2024-01-03,0.0,0.0,Low
Argentina,2024-01-04,0.0,0.0,Low
Argentina,2024-01-05,0.0,0.0,Low
Argentina,2024-01-06,0.0,0.0,Low
Argentina,2024-01-07,316.571,0.2421854380125204,Medium
Argentina,2024-01-08,316.571,0.2421854380125204,Medium
Argentina,2024-01-09,316.571,0.2421854380125204,Medium
Argentina,2024-01-10,316.571,0.2421854380125204,Medium
Argentina,2024-01-11,316.571,0.2421854380125204,Medium
Argentina,2024-01-12,316.571,0.2421854380125204,Medium
Argentina,2024-01-13,316.571,0.2421854380125204,Medium
Argentina,2024-01-14,576.143,0.4407650884409739,Medium
Argentina,2024-01-15,576.143,0.4407650884409739,Medium
Argentina,2024-01-16,576.143,0.4407650884409739,Medium
Argentina,2024-01-17,576.143,0.4407650884409739,Medium
Argentina,2024-01-18,576.143,0.4407650884409739,Medium
Argentina,2024-01-19,576.143,0.4407650884409739,Medium
Argentina,2024-01-20,576.143,0.4407650884409739,Medium
Argentina,2024-01-21,941.286,0.7201094294962371,High
Argentina,2024-01-22,941.286,0.7201094294962371,High
Argentina,2024-01-23,941.286,0.7201094294962371,High
Argentina,2024-01-24,941.286,0.7201094294962371,High
Argentina,2024-01-25,941.286,0.7201094294962371,High
Argentina,2024-01-26,941.286,0.7201094294962371,High
Argentina,2024-01-27,941.286,0.7201094294962371,High
Argentina,2024-01-28,1289.429,0.9864483074919884,High
Argentina,2024-01-29,1289.429,0.9864483074919884,High
Argentina,2024-01-30,1289.429,0.9864483074919884,High
Argentina,2024-01-31,1289.429,0.9864483074919884,High
Argentina,2024-02-01,1289.429,0.9864483074919884,High
Argentina,2024-02-02,1289.429,0.9864483074919884,High
Argentina,2024-02-03,1289.429,0.9864483074919884,High
Argentina,2024-02-04,1271.571,0.97278645106159,High
Argentina,2024-02-05,1271.571,0.97278645106159,High
Argentina,2024-02-06,1271.571,0.97278645106159,High
Argentina,2024-02-07,1271.571,0.97278645106159,High
Argentina,2024-02-08,1271.571,0.97278645106159,High
Argentina,2024-02-09,1271.571,0.97278645106159,High
Argentina,2024-02-10,1271.571,0.97278645106159,High
Argentina,2024-02-11,885.286,0.6772679041237263,Medium
Argentina,2024-02-12,885.286,0.6772679041237263,Medium
Argentina,2024-02-13,885.286,0.6772679041237263,Medium
Argentina,2024-02-14,885.286,0.6772679041237263,Medium
Argentina,2024-02-15,885.286,0.6772679041237263,Medium
Argentina,2024-02-16,885.286,0.6772679041237263,Medium
Argentina,2024-02-17,885.286,0.6772679041237263,Medium
Argentina,2024-02-18,535.286,0.4095083705455332,Medium
Argentina,2024-02-19,535.286,0.4095083705455332,Medium
Argentina,2024-02-20,535.286,0.4095083705455332,Medium
Argentina,2024-02-21,535.286,0.4095083705455332,Medium
Argentina,2024-02-22,535.286,0.4095083705455332,Medium
Argentina,2024-02-23,535.286,0.4095083705455332,Medium
Argentina,2024-02-24,535.286,0.4095083705455332,Medium
Argentina,2024-02-25,583.143,0.4461202791125378,Medium
Argentina,2024-02-26,583.143,0.4461202791125378,Medium
Argentina,2024-02-27,583.143,0.4461202791125378,Medium
Argentina,2024-02-28,583.143,0.4461202791125378,Medium
Argentina,2024-02-29,583.143,0.4461202791125378,Medium
Argentina,2024-03-01,583.143,0.4461202791125378,Medium
Argentina,2024-03-02,583.143,0.4461202791125378,Medium
Argentina,2024-03-03,431.857,0.330382368264222,Medium
Argentina,2024-03-04,431.857,0.330382368264222,Medium
Argentina,2024-03-05,431.857,0.330382368264222,Medium
Argentina,2024-03-06,431.857,0.330382368264222,Medium
Argentina,2024-03-07,431.857,0.330382368264222,Medium
Argentina,2024-03-08,431.857,0.330382368264222,Medium
Argentina,2024-03-09,431.857,0.330382368264222,Medium
Argentina,2024-03-10,298.571,0.2284149477142133,Medium
Argentina,2024-03-11,298.571,0.2284149477142133,Medium
Argentina,2024-03-12,298.571,0.2284149477142133,Medium
Argentina,2024-03-13,298.571,0.2284149477142133,Medium
Argentina,2024-03-14,298.571,0.2284149477142133,Medium
Argentina,2024-03-15,298.571,0.2284149477142133,Medium
Argentina,2024-03-16,298.571,0.2284149477142133,Medium
Argentina,2024-03-17,273.714,0.20939866563949,Medium
Argentina,2024-03-18,273.714,0.20939866563949,Medium
Argentina,2024-03-19,273.714,0.20939866563949,Medium
Argentina,2024-03-20,273.714,0.20939866563949,Medium
Argentina,2024-03-21,273.714,0.20939866563949,Medium
Argentina,2024-03-22,273.714,0.20939866563949,Medium
Argentina,2024-03-23,273.714,0.20939866563949,Medium
Argentina,2024-03-24,188.286,0.1440439186837247,Low
Argentina,2024-03-25,188.286,0.1440439186837247,Low
Argentina,2024-03-26,188.286,0.1440439186837247,Low
Argentina,2024-03-27,188.286,0.1440439186837247,Low
Argentina,2024-03-28,188.286,0.1440439186837247,Low
Argentina,2024-03-29,188.286,0.1440439186837247,Low
Argentina,2024-03-30,188.286,0.1440439186837247,Low
Argentina,2024-03-31,96.0,0.0734426149243043,Low
Argentina,2024-04-01,96.0,0.0734426149243043,Low
Argentina,2024-04-02,96.0,0.0734426149243043,Low
Argentina,2024-04-03,96.0,0.0734426149243043,Low
Argentina,2024-04-04,96.0,0.0734426149243043,Low
Argentina,2024-04-05,96.0,0.0734426149243043,Low
Argentina,2024-04-06,96.0,0.0734426149243043,Low
Argentina,2024-04-07,59.143,0.045246005984043,Low
Argentina,2024-04-08,59.143,0.045246005984043,Low
Argentina,2024-04-09,59.143,0.045246005984043,Low
Argentina,2024-04-10,59.143,0.045246005984043,Low
Argentina,2024-04-11,59.143,0.045246005984043,Low
Argentina,2024-04-12,59.143,0.045246005984043,Low
Argentina,2024-04-13,59.143,0.045246005984043,Low
Argentina,2024-04-14,39.571,0.0302728928663505,Low
Argentina,2024-04-15,39.571,0.0302728928663505,Low
Argentina,2024-04-16,39.571,0.0302728928663505,Low
Argentina,2024-04-17,39.571,0.0302728928663505,Low
Argentina,2024-04-18,39.571,0.0302728928663505,Low
Argentina,2024-04-19,39.571,0.0302728928663505,Low
Argentina,2024-04-20,39.571,0.0302728928663505,Low
Argentina,2024-04-21,29.857,0.0228414182686974,Low
Argentina,2024-04-22,29.857,0.0228414182686974,Low
Argentina,2024-04-23,29.857,0.0228414182686974,Low
Argentina,2024-04-24,29.857,0.0228414182686974,Low
Argentina,2024-04-25,29.857,0.0228414182686974,Low
Argentina,2024-04-26,29.857,0.0228414182686974,Low
Argentina,2024-04-27,29.857,0.0228414182686974,Low
Argentina,2024-04-28,21.571,0.0165024025680434,Low
Argentina,2024-04-29,21.571,0.0165024025680434,Low
Argentina,2024-04-30,21.571,0.0165024025680434,Low
Argentina,2024-05-01,21.571,0.0165024025680434,Low
Argentina,2024-05-02,21.571,0.0165024025680434,Low
Argentina,2024-05-03,21.571,0.0165024025680434,Low
Argentina,2024-05-04,21.571,0.0165024025680434,Low
Argentina,2024-05-05,17.286,0.0132242608498075,Low
Argentina,2024-05-06,17.286,0.0132242608498075,Low
Argentina,2024-05-07,17.286,0.0132242608498075,Low
Argentina,2024-05-08,17.286,0.0132242608498075,Low
Argentina,2024-05-09,17.286,0.0132242608498075,Low
Argentina,2024-05-10,17.286,0.0132242608498075,Low
Argentina,2024-05-11,17.286,0.0132242608498075,Low
Argentina,2024-05-12,11.143,0.0085246985218908,Low
Argentina,2024-05-13,11.143,0.0085246985218908,Low
Argentina,2024-05-14,11.143,0.0085246985218908,Low
Argentina,2024-05-15,11.143,0.0085246985218908,Low
Argentina,2024-05-16,11.143,0.0085246985218908,Low
Argentina,2024-05-17,11.143,0.0085246985218908,Low
Argentina,2024-05-18,11.143,0.0085246985218908,Low
Argentina,2024-05-19,13.286,0.0101641518946282,Low
Argentina,2024-05-20,13.286,0.0101641518946282,Low
Argentina,2024-05-21,13.286,0.0101641518946282,Low
Argentina,2024-05-22,13.286,0.0101641518946282,Low
Argentina,2024-05-23,13.286,0.0101641518946282,Low
Argentina,2024-05-24,13.286,0.0101641518946282,Low
Argentina,2024-05-25,13.286,0.0101641518946282,Low
Argentina,2024-05-26,16.571,0.0126772663740692,Low
Argentina,2024-05-27,16.571,0.0126772663740692,Low
Argentina,2024-05-28,16.571,0.0126772663740692,Low
Argentina,2024-05-29,16.571,0.0126772663740692,Low
Argentina,2024-05-30,16.571,0.0126772663740692,Low
Argentina,2024-05-31,16.571,0.0126772663740692,Low
Argentina,2024-06-01,16.571,0.0126772663740692,Low
Argentina,2024-06-02,15.286,0.0116942063722178,Low
Argentina,2024-06-03,15.286,0.0116942063722178,Low
Argentina,2024-06-04,15.286,0.0116942063722178,Low
Argentina,2024-06-05,15.286,0.0116942063722178,Low
Argentina,2024-06-06,15.286,0.0116942063722178,Low
Argentina,2024-06-07,15.286,0.0116942063722178,Low
Argentina,2024-06-08,15.286,0.0116942063722178,Low
Argentina,2024-06-09,18.714,0.0143167197468065,Low
Argentina,2024-06-10,18.714,0.0143167197468065,Low
Argentina,2024-06-11,18.714,0.0143167197468065,Low
Argentina,2024-06-12,18.714,0.0143167197468065,Low
Argentina,2024-06-13,18.714,0.0143167197468065,Low
Argentina,2024-06-14,18.714,0.0143167197468065,Low
Argentina,2024-06-15,18.714,0.0143167197468065,Low
Argentina,2024-06-16,19.0,0.0145355175371019,Low
Argentina,2024-06-17,19.0,0.0145355175371019,Low
Argentina,2024-06-18,19.0,0.0145355175371019,Low
Argentina,2024-06-19,19.0,0.0145355175371019,Low
Argentina,2024-06-20,19.0,0.0145355175371019,Low
Argentina,2024-06-21,19.0,0.0145355175371019,Low
Argentina,2024-06-22,19.0,0.0145355175371019,Low
Argentina,2024-06-23,17.286,0.0132242608498075,Low
Argentina,2024-06-24,17.286,0.0132242608498075,Low
Argentina,2024-06-25,17.286,0.0132242608498075,Low
Argentina,2024-06-26,17.286,0.0132242608498075,Low
Argentina,2024-06-27,17.286,0.0132242608498075,Low
Argentina,2024-06-28,17.286,0.0132242608498075,Low
Argentina,2024-06-29,17.286,0.0132242608498075,Low
Argentina,2024-06-30,15.714,0.012021638030422,Low
Argentina,2024-07-01,15.714,0.012021638030422,Low
Argentina,2024-07-02,15.714,0.012021638030422,Low
Argentina,2024-07-03,15.714,0.012021638030422,Low
Argentina,2024-07-04,15.714,0.012021638030422,Low
Argentina,2024-07-05,15.714,0.012021638030422,Low
Argentina,2024-07-06,15.714,0.012021638030422,Low
Argentina,2024-07-07,11.714,0.0089615290752427,Low
Argentina,2024-07-08,11.714,0.0089615290752427,Low
Argentina,2024-07-09,11.714,0.0089615290752427,Low
Argentina,2024-07-10,11.714,0.0089615290752427,Low
Argentina,2024-07-11,11.714,0.0089615290752427,Low
Argentina,2024-07-12,11.714,0.0089615290752427,Low
Argentina,2024-07-13,11.714,0.0089615290752427,Low
Argentina,2024-07-14,11.0,0.0084152996267432,Low
Argentina,2024-07-15,11.0,0.0084152996267432,Low
Argentina,2024-07-16,11.0,0.0084152996267432,Low
Argentina,2024-07-17,11.0,0.0084152996267432,Low
Argentina,2024-07-18,11.0,0.0084152996267432,Low
Argentina,2024-07-19,11.0,0.0084152996267432,Low
Argentina,2024-07-20,11.0,0.0084152996267432,Low
Argentina,2024-07-21,13.143,0.0100547529994805,Low
Argentina,2024-07-22,13.143,0.0100547529994805,Low
Argentina,2024-07-23,13.143,0.0100547529994805,Low
Argentina,2024-07-24,13.143,0.0100547529994805,Low
Argentina,2024-07-25,13.143,0.0100547529994805,Low
Argentina,2024-07-26,13.143,0.0100547529994805,Low
Argentina,2024-07-27,13.143,0.0100547529994805,Low
Argentina,2024-07-28,12.143,0.0092897257606857,Low
Argentina,2024-07-29,12.143,0.0092897257606857,Low
Argentina,2024-07-30,12.143,0.0092897257606857,Low
Argentina,2024-07-31,12.143,0.0092897257606857,Low
Argentina,2024-08-01,12.143,0.0092897257606857,Low
Argentina,2024-08-02,12.143,0.0092897257606857,Low
Argentina,2024-08-03,12.143,0.0092897257606857,Low
Argentina,2024-08-04,7.714,0.0059014201200633,Low
Bolivia,2024-01-01,117.714,0.0900544163874954,Low
Bolivia,2024-01-02,117.714,0.0900544163874954,Low
Bolivia,2024-01-03,117.714,0.0900544163874954,Low
Bolivia,2024-01-04,117.714,0.0900544163874954,Low
Bolivia,2024-01-05,117.714,0.0900544163874954,Low
Bolivia,2024-01-06,117.714,0.0900544163874954,Low
Bolivia,2024-01-07,1.714,0.0013112566872943,Low
Bolivia,2024-01-08,1.714,0.0013112566872943,Low
Bolivia,2024-01-09,1.714,0.0013112566872943,Low
Bolivia,2024-01-10,1.714,0.0013112566872943,Low
Bolivia,2024-01-11,1.714,0.0013112566872943,Low
Bolivia,2024-01-12,1.714,0.0013112566872943,Low
Bolivia,2024-01-13,1.714,0.0013112566872943,Low
Bolivia,2024-01-14,1.286,0.0009838250290901,Low
Bolivia,2024-01-15,1.286,0.0009838250290901,Low
Bolivia,2024-01-16,1.286,0.0009838250290901,Low
Bolivia,2024-01-17,1.286,0.0009838250290901,Low
Bolivia,2024-01-18,1.286,0.0009838250290901,Low
Bolivia,2024-01-19,1.286,0.0009838250290901,Low
Bolivia,2024-01-20,1.286,0.0009838250290901,Low
Bolivia,2024-01-21,1.0,0.0007650272387948,Low
Bolivia,2024-01-22,1.0,0.0007650272387948,Low
Bolivia,2024-01-23,1.0,0.0007650272387948,Low
Bolivia,2024-01-24,1.0,0.0007650272387948,Low
Bolivia,2024-01-25,1.0,0.0007650272387948,Low
Bolivia,2024-01-26,1.0,0.0007650272387948,Low
Bolivia,2024-01-27,1.0,0.0007650272387948,Low
Bolivia,2024-01-28,0.571,0.0004368305533518,Low
Bolivia,2024-01-29,0.571,0.0004368305533518,Low
Bolivia,2024-01-30,0.571,0.0004368305533518,Low
Bolivia,2024-01-31,0.571,0.0004368305533518,Low
Bolivia,2024-02-01,0.571,0.0004368305533518,Low
Bolivia,2024-02-02,0.571,0.0004368305533518,Low
Bolivia,2024-02-03,0.571,0.0004368305533518,Low
Bolivia,2024-02-04,0.857,0.0006556283436471,Low
Bolivia,2024-02-05,0.857,0.0006556283436471,Low
Bolivia,2024-02-06,0.857,0.0006556283436471,Low
Bolivia,2024-02-07,0.857,0.0006556283436471,Low
Bolivia,2024-02-08,0.857,0.0006556283436471,Low
Bolivia,2024-02-09,0.857,0.0006556283436471,Low
Bolivia,2024-02-10,0.857,0.0006556283436471,Low
Bolivia,2024-02-11,0.429,0.0003281966854429,Low
Bolivia,2024-02-12,0.429,0.0003281966854429,Low
Bolivia,2024-02-13,0.429,0.0003281966854429,Low
Bolivia,2024-02-14,0.429,0.0003281966854429,Low
Bolivia,2024-02-15,0.429,0.0003281966854429,Low
Bolivia,2024-02-16,0.429,0.0003281966854429,Low
Bolivia,2024-02-17,0.429,0.0003281966854429,Low
Bolivia,2024-02-18,0.0,0.0,Low
Bolivia,2024-02-19,0.0,0.0,Low
Bolivia,2024-02-20,0.0,0.0,Low
Bolivia,2024-02-21,0.0,0.0,Low
Bolivia,2024-02-22,0.0,0.0,Low
Bolivia,2024-02-23,0.0,0.0,Low
Bolivia,2024-02-24,0.0,0.0,Low
Bolivia,2024-02-25,0.143,0.0001093988951476,Low
Bolivia,2024-02-26,0.143,0.0001093988951476,Low
Bolivia,2024-02-27,0.143,0.0001093988951476,Low
Bolivia,2024-02-28,0.143,0.0001093988951476,Low
Bolivia,2024-02-29,0.143,0.0001093988951476,Low
Bolivia,2024-03-01,0.143,0.0001093988951476,Low
Bolivia,2024-03-02,0.143,0.0001093988951476,Low
Bolivia,2024-03-03,0.286,0.0002187977902953,Low
Bolivia,2024-03-04,0.286,0.0002187977902953,Low
Bolivia,2024-03-05,0.286,0.0002187977902953,Low
Bolivia,2024-03-06,0.286,0.0002187977902953,Low
Bolivia,2024-03-07,0.286,0.0002187977902953,Low
Bolivia,2024-03-08,0.286,0.0002187977902953,Low
Bolivia,2024-03-09,0.286,0.0002187977902953,Low
Bolivia,2024-03-10,0.0,0.0,Low
Bolivia,2024-03-11,0.0,0.0,Low
Bolivia,2024-03-12,0.0,0.0,Low
Bolivia,2024-03-13,0.0,0.0,Low
Bolivia,2024-03-14,0.0,0.0,Low
Bolivia,2024-03-15,0.0,0.0,Low
Bolivia,2024-03-16,0.0,0.0,Low
Bolivia,2024-03-17,0.0,0.0,Low
Bolivia,2024-03-18,0.0,0.0,Low
Bolivia,2024-03-19,0.0,0.0,Low
Bolivia,2024-03-20,0.0,0.0,Low
Bolivia,2024-03-21,0.0,0.0,Low
Bolivia,2024-03-22,0.0,0.0,Low
Bolivia,2024-03-23,0.0,0.0,Low
Bolivia,2024-03-24,0.0,0.0,Low
Bolivia,2024-03-25,0.0,0.0,Low
Bolivia,2024-03-26,0.0,0.0,Low
Bolivia,2024-03-27,0.0,0.0,Low
Bolivia,2024-03-28,0.0,0.0,Low
Bolivia,2024-03-29,0.0,0.0,Low
Bolivia,2024-03-30,0.0,0.0,Low
Bolivia,2024-03-31,0.143,0.0001093988951476,Low
Bolivia,2024-04-01,0.143,0.0001093988951476,Low
Bolivia,2024-04-02,0.143,0.0001093988951476,Low
Bolivia,2024-04-03,0.143,0.0001093988951476,Low
Bolivia,2024-04-04,0.143,0.0001093988951476,Low
Bolivia,2024-04-05,0.143,0.0001093988951476,Low
Bolivia,2024-04-06,0.143,0.0001093988951476,Low
Bolivia,2024-04-07,0.143,0.0001093988951476,Low
Bolivia,2024-04-08,0.143,0.0001093988951476,Low
Bolivia,2024-04-09,0.143,0.0001093988951476,Low
Bolivia,2024-04-10,0.143,0.0001093988951476,Low
Bolivia,2024-04-11,0.143,0.0001093988951476,Low
Bolivia,2024-04-12,0.143,0.0001093988951476,Low
Bolivia,2024-04-13,0.143,0.0001093988951476,Low
Bolivia,2024-04-14,0.143,0.0001093988951476,Low
Bolivia,2024-04-15,0.143,0.0001093988951476,Low
Bolivia,2024-04-16,0.143,0.0001093988951476,Low
Bolivia,2024-04-17,0.143,0.0001093988951476,Low
Bolivia,2024-04-18,0.143,0.0001093988951476,Low
Bolivia,2024-04-19,0.143,0.0001093988951476,Low
Bolivia,2024-04-20,0.143,0.0001093988951476,Low
Bolivia,2024-04-21,0.0,0.0,Low
Bolivia,2024-04-22,0.0,0.0,Low
Bolivia,2024-04-23,0.0,0.0,Low
Bolivia,2024-04-24,0.0,0.0,Low
Bolivia,2024-04-25,0.0,0.0,Low
Bolivia,2024-04-26,0.0,0.0,Low
Bolivia,2024-04-27,0.0,0.0,Low
Bolivia,2024-04-28,0.0,0.0,Low
Bolivia,2024-04-29,0.0,0.0,Low
Bolivia,2024-04-30,0.0,0.0,Low
Bolivia,2024-05-01,0.0,0.0,Low
Bolivia,2024-05-02,0.0,0.0,Low
Bolivia,2024-05-03,0.0,0.0,Low
Bolivia,2024-05-04,0.0,0.0,Low
Bolivia,2024-05-05,0.0,0.0,Low
Bolivia,2024-05-06,0.0,0.0,Low
Bolivia,2024-05-07,0.0,0.0,Low
Bolivia,2024-05-08,0.0,0.0,Low
Bolivia,2024-05-09,0.0,0.0,Low
Bolivia,2024-05-10,0.0,0.0,Low
Bolivia,2024-05-11,0.0,0.0,Low
Bolivia,2024-05-12,0.0,0.0,Low
Bolivia,2024-05-13,0.0,0.0,Low
Bolivia,2024-05-14,0.0,0.0,Low
Bolivia,2024-05-15,0.0,0.0,Low
Bolivia,2024-05-16,0.0,0.0,Low
Bolivia,2024-05-17,0.0,0.0,Low
Bolivia,2024-05-18,0.0,0.0,Low
Bolivia,2024-05-19,0.0,0.0,Low
Bolivia,2024-05-20,0.0,0.0,Low
Bolivia,2024-05-21,0.0,0.0,Low
Bolivia,2024-05-22,0.0,0.0,Low
Bolivia,2024-05-23,0.0,0.0,Low
Bolivia,2024-05-24,0.0,0.0,Low
Bolivia,2024-05-25,0.0,0.0,Low
Bolivia,2024-05-26,0.143,0.0001093988951476,Low
Bolivia,2024-05-27,0.143,0.0001093988951476,Low
Bolivia,2024-05-28,0.143,0.0001093988951476,Low
Bolivia,2024-05-29,0.143,0.0001093988951476,Low
Bolivia,2024-05-30,0.143,0.0001093988951476,Low
Bolivia,2024-05-31,0.143,0.0001093988951476,Low
Bolivia,2024-06-01,0.143,0.0001093988951476,Low
Bolivia,2024-06-02,0.0,0.0,Low
Bolivia,2024-06-03,0.0,0.0,Low
Bolivia,2024-06-04,0.0,0.0,Low
Bolivia,2024-06-05,0.0,0.0,Low
Bolivia,2024-06-06,0.0,0.0,Low
Bolivia,2024-06-07,0.0,0.0,Low
Bolivia,2024-06-08,0.0,0.0,Low
Bolivia,2024-06-09,0.0,0.0,Low
Bolivia,2024-06-10,0.0,0.0,Low
Bolivia,2024-06-11,0.0,0.0,Low
Bolivia,2024-06-12,0.0,0.0,Low
Bolivia,2024-06-13,0.0,0.0,Low
Bolivia,2024-06-14,0.0,0.0,Low
Bolivia,2024-06-15,0.0,0.0,Low
Bolivia,2024-06-16,0.0,0.0,Low
Bolivia,2024-06-17,0.0,0.0,Low
Bolivia,2024-06-18,0.0,0.0,Low
Bolivia,2024-06-19,0.0,0.0,Low
Bolivia,2024-06-20,0.0,0.0,Low
Bolivia,2024-06-21,0.0,0.0,Low
Bolivia,2024-06-22,0.0,0.0,Low
Bolivia,2024-06-23,0.0,0.0,Low
Bolivia,2024-06-24,0.0,0.0,Low
Bolivia,2024-06-25,0.0,0.0,Low
Bolivia,2024-06-26,0.0,0.0,Low
Bolivia,2024-06-27,0.0,0.0,Low
Bolivia,2024-06-28,0.0,0.0,Low
Bolivia,2024-06-29,0.0,0.0,Low
Bolivia,2024-06-30,0.0,0.0,Low
Bolivia,2024-07-01,0.0,0.0,Low
Bolivia,2024-07-02,0.0,0.0,Low
Bolivia,2024-07-03,0.0,0.0,Low
Bolivia,2024-07-04,0.0,0.0,Low
Bolivia,2024-07-05,0.0,0.0,Low
Bolivia,2024-07-06,0.0,0.0,Low
Bolivia,2024-07-07,0.0,0.0,Low
Bolivia,2024-07-08,0.0,0.0,Low
Bolivia,2024-07-09,0.0,0.0,Low
Bolivia,2024-07-10,0.0,0.0,Low
Bolivia,2024-07-11,0.0,0.0,Low
Bolivia,2024-07-12,0.0,0.0,Low
Bolivia,2024-07-13,0.0,0.0,Low
Bolivia,2024-07-14,0.143,0.0001093988951476,Low
Bolivia,2024-07-15,0.143,0.0001093988951476,Low
Bolivia,2024-07-16,0.143,0.0001093988951476,Low
Bolivia,2024-07-17,0.143,0.0001093988951476,Low
Bolivia,2024-07-18,0.143,0.0001093988951476,Low
Bolivia,2024-07-19,0.143,0.0001093988951476,Low
Bolivia,2024-07-20,0.143,0.0001093988951476,Low
Bolivia,2024-07-21,0.0,0.0,Low
Bolivia,2024-07-22,0.0,0.0,Low
Bolivia,2024-07-23,0.0,0.0,Low
Bolivia,2024-07-24,0.0,0.0,Low
Bolivia,2024-07-25,0.0,0.0,Low
Bolivia,2024-07-26,0.0,0.0,Low
Bolivia,2024-07-27,0.0,0.0,Low
Bolivia,2024-07-28,0.0,0.0,Low
Bolivia,2024-07-29,0.0,0.0,Low
Bolivia,2024-07-30,0.0,0.0,Low
Bolivia,2024-07-31,0.0,0.0,Low
Bolivia,2024-08-01,0.0,0.0,Low
Bolivia,2024-08-02,0.0,0.0,Low
Bolivia,2024-08-03,0.0,0.0,Low
Bolivia,2024-08-04,0.286,0.0002187977902953,Low
Chile,2024-01-01,354.0,0.2708196425333724,Medium
Chile,2024-01-02,354.0,0.2708196425333724,Medium
Chile,2024-01-03,354.0,0.2708196425333724,Medium
Chile,2024-01-04,354.0,0.2708196425333724,Medium
Chile,2024-01-05,354.0,0.2708196425333724,Medium
Chile,2024-01-06,354.0,0.2708196425333724,Medium
Chile,2024-01-07,344.429,0.263497566830867,Medium
Chile,2024-01-08,344.429,0.263497566830867,Medium
Chile,2024-01-09,344.429,0.263497566830867,Medium
Chile,2024-01-10,344.429,0.263497566830867,Medium
Chile,2024-01-11,344.429,0.263497566830867,Medium
Chile,2024-01-12,344.429,0.263497566830867,Medium
Chile,2024-01-13,344.429,0.263497566830867,Medium
Chile,2024-01-14,402.429,0.3078691466809675,Medium
Chile,2024-01-15,402.429,0.3078691466809675,Medium
Chile,2024-01-16,402.429,0.3078691466809675,Medium
Chile,2024-01-17,402.429,0.3078691466809675,Medium
Chile,2024-01-18,402.429,0.3078691466809675,Medium
Chile,2024-01-19,402.429,0.3078691466809675,Medium
Chile,2024-01-20,402.429,0.3078691466809675,Medium
Chile,2024-01-21,490.857,0.3755189753531174,Medium
Chile,2024-01-22,490.857,0.3755189753531174,Medium
Chile,2024-01-23,490.857,0.3755189753531174,Medium
Chile,2024-01-24,490.857,0.3755189753531174,Medium
Chile,2024-01-25,490.857,0.3755189753531174,Medium
Chile,2024-01-26,490.857,0.3755189753531174,Medium
Chile,2024-01-27,490.857,0.3755189753531174,Medium
Chile,2024-01-28,568.857,0.4351910999791147,Medium
Chile,2024-01-29,568.857,0.4351910999791147,Medium
Chile,2024-01-30,568.857,0.4351910999791147,Medium
Chile,2024-01-31,568.857,0.4351910999791147,Medium
Chile,2024-02-01,568.857,0.4351910999791147,Medium
Chile,2024-02-02,568.857,0.4351910999791147,Medium
Chile,2024-02-03,568.857,0.4351910999791147,Medium
Chile,2024-02-04,693.857,0.5308195048284694,Medium
Chile,2024-02-05,693.857,0.5308195048284694,Medium
Chile,2024-02-06,693.857,0.5308195048284694,Medium
Chile,2024-02-07,693.857,0.5308195048284694,Medium
Chile,2024-02-08,693.857,0.5308195048284694,Medium
Chile,2024-02-09,693.857,0.5308195048284694,Medium
Chile,2024-02-10,693.857,0.5308195048284694,Medium
Chile,2024-02-11,780.857,0.5973768746036202,Medium
Chile,2024-02-12,780.857,0.5973768746036202,Medium
Chile,2024-02-13,780.857,0.5973768746036202,Medium
Chile,2024-02-14,780.857,0.5973768746036202,Medium
Chile,2024-02-15,780.857,0.5973768746036202,Medium
Chile,2024-02-16,780.857,0.5973768746036202,Medium
Chile,2024-02-17,780.857,0.5973768746036202,Medium
Chile,2024-02-18,951.571,0.7279777346472421,High
Chile,2024-02-19,951.571,0.7279777346472421,High
Chile,2024-02-20,951.571,0.7279777346472421,High
Chile,2024-02-21,951.571,0.7279777346472421,High
Chile,2024-02-22,951.571,0.7279777346472421,High
Chile,2024-02-23,951.571,0.7279777346472421,High
Chile,2024-02-24,951.571,0.7279777346472421,High
Chile,2024-02-25,971.0,0.742841448869787,High
Chile,2024-02-26,971.0,0.742841448869787,High
Chile,2024-02-27,971.0,0.742841448869787,High
Chile,2024-02-28,971.0,0.742841448869787,High
Chile,2024-02-29,971.0,0.742841448869787,High
Chile,2024-03-01,971.0,0.742841448869787,High
Chile,2024-03-02,971.0,0.742841448869787,High
Chile,2024-03-03,997.714,0.7632783865269523,High
Chile,2024-03-04,997.714,0.7632783865269523,High
Chile,2024-03-05,997.714,0.7632783865269523,High
Chile,2024-03-06,997.714,0.7632783865269523,High
Chile,2024-03-07,997.714,0.7632783865269523,High
Chile,2024-03-08,997.714,0.7632783865269523,High
Chile,2024-03-09,997.714,0.7632783865269523,High
Chile,2024-03-10,976.857,0.7473222134074083,High
Chile,2024-03-11,976.857,0.7473222134074083,High
Chile,2024-03-12,976.857,0.7473222134074083,High
Chile,2024-03-13,976.857,0.7473222134074083,High
Chile,2024-03-14,976.857,0.7473222134074083,High
Chile,2024-03-15,976.857,0.7473222134074083,High
Chile,2024-03-16,976.857,0.7473222134074083,High
Chile,2024-03-17,1024.714,0.7839341219744128,High
Chile,2024-03-18,1024.714,0.7839341219744128,High
Chile,2024-03-19,1024.714,0.7839341219744128,High
Chile,2024-03-20,1024.714,0.7839341219744128,High
Chile,2024-03-21,1024.714,0.7839341219744128,High
Chile,2024-03-22,1024.714,0.7839341219744128,High
Chile,2024-03-23,1024.714,0.7839341219744128,High
Chile,2024-03-24,702.0,0.5370491216339758,Medium
Chile,2024-03-25,702.0,0.5370491216339758,Medium
Chile,2024-03-26,702.0,0.5370491216339758,Medium
Chile,2024-03-27,702.0,0.5370491216339758,Medium
Chile,2024-03-28,702.0,0.5370491216339758,Medium
Chile,2024-03-29,702.0,0.5370491216339758,Medium
Chile,2024-03-30,702.0,0.5370491216339758,Medium
Chile,2024-03-31,303.571,0.2322400839081875,Medium
Chile,2024-04-01,303.571,0.2322400839081875,Medium
Chile,2024-04-02,303.571,0.2322400839081875,Medium
Chile,2024-04-03,303.571,0.2322400839081875,Medium
Chile,2024-04-04,303.571,0.2322400839081875,Medium
Chile,2024-04-05,303.571,0.2322400839081875,Medium
Chile,2024-04-06,303.571,0.2322400839081875,Medium
Chile,2024-04-07,173.571,0.1327865428648587,Low
Chile,2024-04-08,173.571,0.1327865428648587,Low
Chile,2024-04-09,173.571,0.1327865428648587,Low
Chile,2024-04-10,173.571,0.1327865428648587,Low
Chile,2024-04-11,173.571,0.1327865428648587,Low
Chile,2024-04-12,173.571,0.1327865428648587,Low
Chile,2024-04-13,173.571,0.1327865428648587,Low
Chile,2024-04-14,79.286,0.0606559496550874,Low
Chile,2024-04-15,79.286,0.0606559496550874,Low
Chile,2024-04-16,79.286,0.0606559496550874,Low
Chile,2024-04-17,79.286,0.0606559496550874,Low
Chile,2024-04-18,79.286,0.0606559496550874,Low
Chile,2024-04-19,79.286,0.0606559496550874,Low
Chile,2024-04-20,79.286,0.0606559496550874,Low
Chile,2024-04-21,50.429,0.0385795586251848,Low
Chile,2024-04-22,50.429,0.0385795586251848,Low
Chile,2024-04-23,50.429,0.0385795586251848,Low
Chile,2024-04-24,50.429,0.0385795586251848,Low
Chile,2024-04-25,50.429,0.0385795586251848,Low
Chile,2024-04-26,50.429,0.0385795586251848,Low
Chile,2024-04-27,50.429,0.0385795586251848,Low
Chile,2024-04-28,38.0,0.0290710350742038,Low
Chile,2024-04-29,38.0,0.0290710350742038,Low
Chile,2024-04-30,38.0,0.0290710350742038,Low
Chile,2024-05-01,38.0,0.0290710350742038,Low
Chile,2024-05-02,38.0,0.0290710350742038,Low
Chile,2024-05-03,38.0,0.0290710350742038,Low
Chile,2024-05-04,38.0,0.0290710350742038,Low
Chile,2024-05-05,23.571,0.0180324570456331,Low
Chile,2024-05-06,23.571,0.0180324570456331,Low
Chile,2024-05-07,23.571,0.0180324570456331,Low
Chile,2024-05-08,23.571,0.0180324570456331,Low
Chile,2024-05-09,23.571,0.0180324570456331,Low
Chile,2024-05-10,23.571,0.0180324570456331,Low
Chile,2024-05-11,23.571,0.0180324570456331,Low
Chile,2024-05-12,24.857,0.0190162820747232,Low
Chile,2024-05-13,24.857,0.0190162820747232,Low
Chile,2024-05-14,24.857,0.0190162820747232,Low
Chile,2024-05-15,24.857,0.0190162820747232,Low
Chile,2024-05-16,24.857,0.0190162820747232,Low
Chile,2024-05-17,24.857,0.0190162820747232,Low
Chile,2024-05-18,24.857,0.0190162820747232,Low
Chile,2024-05-19,15.429,0.0118036052673655,Low
Chile,2024-05-20,15.429,0.0118036052673655,Low
Chile,2024-05-21,15.429,0.0118036052673655,Low
Chile,2024-05-22,15.429,0.0118036052673655,Low
Chile,2024-05-23,15.429,0.0118036052673655,Low
Chile,2024-05-24,15.429,0.0118036052673655,Low
Chile,2024-05-25,15.429,0.0118036052673655,Low
Chile,2024-05-26,21.571,0.0165024025680434,Low
Chile,2024-05-27,21.571,0.0165024025680434,Low
Chile,2024-05-28,21.571,0.0165024025680434,Low
Chile,2024-05-29,21.571,0.0165024025680434,Low
Chile,2024-05-30,21.571,0.0165024025680434,Low
Chile,2024-05-31,21.571,0.0165024025680434,Low
Chile,2024-06-01,21.571,0.0165024025680434,Low
Chile,2024-06-02,12.429,0.009508523550981,Low
Chile,2024-06-03,12.429,0.009508523550981,Low
Chile,2024-06-04,12.429,0.009508523550981,Low
Chile,2024-06-05,12.429,0.009508523550981,Low
Chile,2024-06-06,12.429,0.009508523550981,Low
Chile,2024-06-07,12.429,0.009508523550981,Low
Chile,2024-06-08,12.429,0.009508523550981,Low
Chile,2024-06-09,8.143,0.0062296168055063,Low
Chile,2024-06-10,8.143,0.0062296168055063,Low
Chile,2024-06-11,8.143,0.0062296168055063,Low
Chile,2024-06-12,8.143,0.0062296168055063,Low
Chile,2024-06-13,8.143,0.0062296168055063,Low
Chile,2024-06-14,8.143,0.0062296168055063,Low
Chile,2024-06-15,8.143,0.0062296168055063,Low
Chile,2024-06-16,10.857,0.0083059007315955,Low
Chile,2024-06-17,10.857,0.0083059007315955,Low
Chile,2024-06-18,10.857,0.0083059007315955,Low
Chile,2024-06-19,10.857,0.0083059007315955,Low
Chile,2024-06-20,10.857,0.0083059007315955,Low
Chile,2024-06-21,10.857,0.0083059007315955,Low
Chile,2024-06-22,10.857,0.0083059007315955,Low
Chile,2024-06-23,5.857,0.0044807645376213,Low
Chile,2024-06-24,5.857,0.0044807645376213,Low
Chile,2024-06-25,5.857,0.0044807645376213,Low
Chile,2024-06-26,5.857,0.0044807645376213,Low
Chile,2024-06-27,5.857,0.0044807645376213,Low
Chile,2024-06-28,5.857,0.0044807645376213,Low
Chile,2024-06-29,5.857,0.0044807645376213,Low
Chile,2024-06-30,9.286,0.0071040429394488,Low
Chile,2024-07-01,9.286,0.0071040429394488,Low
Chile,2024-07-02,9.286,0.0071040429394488,Low
Chile,2024-07-03,9.286,0.0071040429394488,Low
Chile,2024-07-04,9.286,0.0071040429394488,Low
Chile,2024-07-05,9.286,0.0071040429394488,Low
Chile,2024-07-06,9.286,0.0071040429394488,Low
Chile,2024-07-07,6.0,0.004590163432769,Low
Chile,2024-07-08,6.0,0.004590163432769,Low
Chile,2024-07-09,6.0,0.004590163432769,Low
Chile,2024-07-10,6.0,0.004590163432769,Low
Chile,2024-07-11,6.0,0.004590163432769,Low
Chile,2024-07-12,6.0,0.004590163432769,Low
Chile,2024-07-13,6.0,0.004590163432769,Low
Chile,2024-07-14,10.429,0.0079784690733913,Low
Chile,2024-07-15,10.429,0.0079784690733913,Low
Chile,2024-07-16,10.429,0.0079784690733913,Low
Chile,2024-07-17,10.429,0.0079784690733913,Low
Chile,2024-07-18,10.429,0.0079784690733913,Low
Chile,2024-07-19,10.429,0.0079784690733913,Low
Chile,2024-07-20,10.429,0.0079784690733913,Low
Chile,2024-07-21,8.857,0.0067758462540058,Low
Chile,2024-07-22,8.857,0.0067758462540058,Low
Chile,2024-07-23,8.857,0.0067758462540058,Low
Chile,2024-07-24,8.857,0.0067758462540058,Low
Chile,2024-07-25,8.857,0.0067758462540058,Low
Chile,2024-07-26,8.857,0.0067758462540058,Low
Chile,2024-07-27,8.857,0.0067758462540058,Low
Chile,2024-07-28,14.0,0.0107103813431277,Low
Chile,2024-07-29,14.0,0.0107103813431277,Low
Chile,2024-07-30,14.0,0.0107103813431277,Low
Chile,2024-07-31,14.0,0.0107103813431277,Low
Chile,2024-08-01,14.0,0.0107103813431277,Low
Chile,2024-08-02,14.0,0.0107103813431277,Low
Chile,2024-08-03,14.0,0.0107103813431277,Low
Chile,2024-08-04,14.286,0.010929179133423,Low
Colombia,2024-01-01,0.0,0.0,Low
Colombia,2024-01-02,0.0,0.0,Low
Colombia,2024-01-03,0.0,0.0,Low
Colombia,2024-01-04,0.0,0.0,Low
Colombia,2024-01-05,0.0,0.0,Low
Colombia,2024-01-06,0.0,0.0,Low
Colombia,2024-01-07,139.714,0.1068850156409818,Low
Colombia,2024-01-08,139.714,0.1068850156409818,Low
Colombia,2024-01-09,139.714,0.1068850156409818,Low
Colombia,2024-01-10,139.714,0.1068850156409818,Low
Colombia,2024-01-11,139.714,0.1068850156409818,Low
Colombia,2024-01-12,139.714,0.1068850156409818,Low
Colombia,2024-01-13,139.714,0.1068850156409818,Low
Colombia,2024-01-14,308.0,0.2356283895488098,Medium
Colombia,2024-01-15,308.0,0.2356283895488098,Medium
Colombia,2024-01-16,308.0,0.2356283895488098,Medium
Colombia,2024-01-17,308.0,0.2356283895488098,Medium
Colombia,2024-01-18,308.0,0.2356283895488098,Medium
Colombia,2024-01-19,308.0,0.2356283895488098,Medium
Colombia,2024-01-20,308.0,0.2356283895488098,Medium
Colombia,2024-01-21,329.571,0.2521307921168533,Medium
Colombia,2024-01-22,329.571,0.2521307921168533,Medium
Colombia,2024-01-23,329.571,0.2521307921168533,Medium
Colombia,2024-01-24,329.571,0.2521307921168533,Medium
Colombia,2024-01-25,329.571,0.2521307921168533,Medium
Colombia,2024-01-26,329.571,0.2521307921168533,Medium
Colombia,2024-01-27,329.571,0.2521307921168533,Medium
Colombia,2024-01-28,268.286,0.2052460977873117,Medium
Colombia,2024-01-29,268.286,0.2052460977873117,Medium
Colombia,2024-01-30,268.286,0.2052460977873117,Medium
Colombia,2024-01-31,268.286,0.2052460977873117,Medium
Colombia,2024-02-01,268.286,0.2052460977873117,Medium
Colombia,2024-02-02,268.286,0.2052460977873117,Medium
Colombia,2024-02-03,268.286,0.2052460977873117,Medium
Colombia,2024-02-04,423.429,0.3239347186956591,Medium
Colombia,2024-02-05,423.429,0.3239347186956591,Medium
Colombia,2024-02-06,423.429,0.3239347186956591,Medium
Colombia,2024-02-07,423.429,0.3239347186956591,Medium
Colombia,2024-02-08,423.429,0.3239347186956591,Medium
Colombia,2024-02-09,423.429,0.3239347186956591,Medium
Colombia,2024-02-10,423.429,0.3239347186956591,Medium
Colombia,2024-02-11,131.857,0.1008741966257708,Low
Colombia,2024-02-12,131.857,0.1008741966257708,Low
Colombia,2024-02-13,131.857,0.1008741966257708,Low
Colombia,2024-02-14,131.857,0.1008741966257708,Low
Colombia,2024-02-15,131.857,0.1008741966257708,Low
Colombia,2024-02-16,131.857,0.1008741966257708,Low
Colombia,2024-02-17,131.857,0.1008741966257708,Low
Colombia,2024-02-18,161.429,0.1234975821314117,Low
Colombia,2024-02-19,161.429,0.1234975821314117,Low
Colombia,2024-02-20,161.429,0.1234975821314117,Low
Colombia,2024-02-21,161.429,0.1234975821314117,Low
Colombia,2024-02-22,161.429,0.1234975821314117,Low
Colombia,2024-02-23,161.429,0.1234975821314117,Low
Colombia,2024-02-24,161.429,0.1234975821314117,Low
Colombia,2024-02-25,242.286,0.1853553895786459,Medium
Colombia,2024-02-26,242.286,0.1853553895786459,Medium
Colombia,2024-02-27,242.286,0.1853553895786459,Medium
Colombia,2024-02-28,242.286,0.1853553895786459,Medium
Colombia,2024-02-29,242.286,0.1853553895786459,Medium
Colombia,2024-03-01,242.286,0.1853553895786459,Medium
Colombia,2024-03-02,242.286,0.1853553895786459,Medium
Colombia,2024-03-03,334.143,0.2556284966526232,Medium
Colombia,2024-03-04,334.143,0.2556284966526232,Medium
Colombia,2024-03-05,334.143,0.2556284966526232,Medium
Colombia,2024-03-06,334.143,0.2556284966526232,Medium
Colombia,2024-03-07,334.143,0.2556284966526232,Medium
Colombia,2024-03-08,334.143,0.2556284966526232,Medium
Colombia,2024-03-09,334.143,0.2556284966526232,Medium
Colombia,2024-03-10,150.857,0.1154097141628727,Low
Colombia,2024-03-11,150.857,0.1154097141628727,Low
Colombia,2024-03-12,150.857,0.1154097141628727,Low
Colombia,2024-03-13,150.857,0.1154097141628727,Low
Colombia,2024-03-14,150.857,0.1154097141628727,Low
Colombia,2024-03-15,150.857,0.1154097141628727,Low
Colombia,2024-03-16,150.857,0.1154097141628727,Low
Colombia,2024-03-17,96.571,0.0738794454776562,Low
Colombia,2024-03-18,96.571,0.0738794454776562,Low
Colombia,2024-03-19,96.571,0.0738794454776562,Low
Colombia,2024-03-20,96.571,0.0738794454776562,Low
Colombia,2024-03-21,96.571,0.0738794454776562,Low
Colombia,2024-03-22,96.571,0.0738794454776562,Low
Colombia,2024-03-23,96.571,0.0738794454776562,Low
Colombia,2024-03-24,38.0,0.0290710350742038,Low
Colombia,2024-03-25,38.0,0.0290710350742038,Low
Colombia,2024-03-26,38.0,0.0290710350742038,Low
Colombia,2024-03-27,38.0,0.0290710350742038,Low
Colombia,2024-03-28,38.0,0.0290710350742038,Low
Colombia,2024-03-29,38.0,0.0290710350742038,Low
Colombia,2024-03-30,38.0,0.0290710350742038,Low
Colombia,2024-03-31,30.286,0.0231696149541404,Low
Colombia,2024-04-01,30.286,0.0231696149541404,Low
Colombia,2024-04-02,30.286,0.0231696149541404,Low
Colombia,2024-04-03,30.286,0.0231696149541404,Low
Colombia,2024-04-04,30.286,0.0231696149541404,Low
Colombia,2024-04-05,30.286,0.0231696149541404,Low
Colombia,2024-04-06,30.286,0.0231696149541404,Low
Colombia,2024-04-07,22.857,0.0174862275971335,Low
Colombia,2024-04-08,22.857,0.0174862275971335,Low
Colombia,2024-04-09,22.857,0.0174862275971335,Low
Colombia,2024-04-10,22.857,0.0174862275971335,Low
Colombia,2024-04-11,22.857,0.0174862275971335,Low
Colombia,2024-04-12,22.857,0.0174862275971335,Low
Colombia,2024-04-13,22.857,0.0174862275971335,Low
Colombia,2024-04-14,19.857,0.015191145880749,Low
Colombia,2024-04-15,19.857,0.015191145880749,Low
Colombia,2024-04-16,19.857,0.015191145880749,Low
Colombia,2024-04-17,19.857,0.015191145880749,Low
Colombia,2024-04-18,19.857,0.015191145880749,Low
Colombia,2024-04-19,19.857,0.015191145880749,Low
Colombia,2024-04-20,19.857,0.015191145880749,Low
Colombia,2024-04-21,21.571,0.0165024025680434,Low
Colombia,2024-04-22,21.571,0.0165024025680434,Low
Colombia,2024-04-23,21.571,0.0165024025680434,Low
Colombia,2024-04-24,21.571,0.0165024025680434,Low
Colombia,2024-04-25,21.571,0.0165024025680434,Low
Colombia,2024-04-26,21.571,0.0165024025680434,Low
Colombia,2024-04-27,21.571,0.0165024025680434,Low
Colombia,2024-04-28,21.0,0.0160655720146915,Low
Colombia,2024-04-29,21.0,0.0160655720146915,Low
Colombia,2024-04-30,21.0,0.0160655720146915,Low
Colombia,2024-05-01,21.0,0.0160655720146915,Low
Colombia,2024-05-02,21.0,0.0160655720146915,Low
Colombia,2024-05-03,21.0,0.0160655720146915,Low
Colombia,2024-05-04,21.0,0.0160655720146915,Low
Colombia,2024-05-05,19.571,0.0149723480904537,Low
Colombia,2024-05-06,19.571,0.0149723480904537,Low
Colombia,2024-05-07,19.571,0.0149723480904537,Low
Colombia,2024-05-08,19.571,0.0149723480904537,Low
Colombia,2024-05-09,19.571,0.0149723480904537,Low
Colombia,2024-05-10,19.571,0.0149723480904537,Low
Colombia,2024-05-11,19.571,0.0149723480904537,Low
Colombia,2024-05-12,14.429,0.0110385780285707,Low
Colombia,2024-05-13,14.429,0.0110385780285707,Low
Colombia,2024-05-14,14.429,0.0110385780285707,Low
Colombia,2024-05-15,14.429,0.0110385780285707,Low
Colombia,2024-05-16,14.429,0.0110385780285707,Low
Colombia,2024-05-17,14.429,0.0110385780285707,Low
Colombia,2024-05-18,14.429,0.0110385780285707,Low
Colombia,2024-05-19,22.571,0.0172674298068382,Low
Colombia,2024-05-20,22.571,0.0172674298068382,Low
Colombia,2024-05-21,22.571,0.0172674298068382,Low
Colombia,2024-05-22,22.571,0.0172674298068382,Low
Colombia,2024-05-23,22.571,0.0172674298068382,Low
Colombia,2024-05-24,22.571,0.0172674298068382,Low
Colombia,2024-05-25,22.571,0.0172674298068382,Low
Colombia,2024-05-26,24.571,0.0187974842844279,Low
Colombia,2024-05-27,24.571,0.0187974842844279,Low
Colombia,2024-05-28,24.571,0.0187974842844279,Low
Colombia,2024-05-29,24.571,0.0187974842844279,Low
Colombia,2024-05-30,24.571,0.0187974842844279,Low
Colombia,2024-05-31,24.571,0.0187974842844279,Low
Colombia,2024-06-01,24.571,0.0187974842844279,Low
Colombia,2024-06-02,29.571,0.0226226204784021,Low
Colombia,2024-06-03,29.571,0.0226226204784021,Low
Colombia,2024-06-04,29.571,0.0226226204784021,Low
Colombia,2024-06-05,29.571,0.0226226204784021,Low
Colombia,2024-06-06,29.571,0.0226226204784021,Low
Colombia,2024-06-07,29.571,0.0226226204784021,Low
Colombia,2024-06-08,29.571,0.0226226204784021,Low
Colombia,2024-06-09,37.857,0.0289616361790561,Low
Colombia,2024-06-10,37.857,0.0289616361790561,Low
Colombia,2024-06-11,37.857,0.0289616361790561,Low
Colombia,2024-06-12,37.857,0.0289616361790561,Low
Colombia,2024-06-13,37.857,0.0289616361790561,Low
Colombia,2024-06-14,37.857,0.0289616361790561,Low
Colombia,2024-06-15,37.857,0.0289616361790561,Low
Colombia,2024-06-16,37.714,0.0288522372839084,Low
Colombia,2024-06-17,37.714,0.0288522372839084,Low
Colombia,2024-06-18,37.714,0.0288522372839084,Low
Colombia,2024-06-19,37.714,0.0288522372839084,Low
Colombia,2024-06-20,37.714,0.0288522372839084,Low
Colombia,2024-06-21,37.714,0.0288522372839084,Low
Colombia,2024-06-22,37.714,0.0288522372839084,Low
Colombia,2024-06-23,67.143,0.0513662238944017,Low
Colombia,2024-06-24,67.143,0.0513662238944017,Low
Colombia,2024-06-25,67.143,0.0513662238944017,Low
Colombia,2024-06-26,67.143,0.0513662238944017,Low
Colombia,2024-06-27,67.143,0.0513662238944017,Low
Colombia,2024-06-28,67.143,0.0513662238944017,Low
Colombia,2024-06-29,67.143,0.0513662238944017,Low
Colombia,2024-06-30,64.714,0.049507972731369,Low
Colombia,2024-07-01,64.714,0.049507972731369,Low
Colombia,2024-07-02,64.714,0.049507972731369,Low
Colombia,2024-07-03,64.714,0.049507972731369,Low
Colombia,2024-07-04,64.714,0.049507972731369,Low
Colombia,2024-07-05,64.714,0.049507972731369,Low
Colombia,2024-07-06,64.714,0.049507972731369,Low
Colombia,2024-07-07,98.143,0.0750820682970417,Low
Colombia,2024-07-08,98.143,0.0750820682970417,Low
Colombia,2024-07-09,98.143,0.0750820682970417,Low
Colombia,2024-07-10,98.143,0.0750820682970417,Low
Colombia,2024-07-11,98.143,0.0750820682970417,Low
Colombia,2024-07-12,98.143,0.0750820682970417,Low
Colombia,2024-07-13,98.143,0.0750820682970417,Low
Colombia,2024-07-14,113.143,0.0865574768789642,Low
Colombia,2024-07-15,113.143,0.0865574768789642,Low
Colombia,2024-07-16,113.143,0.0865574768789642,Low
Colombia,2024-07-17,113.143,0.0865574768789642,Low
Colombia,2024-07-18,113.143,0.0865574768789642,Low
Colombia,2024-07-19,113.143,0.0865574768789642,Low
Colombia,2024-07-20,113.143,0.0865574768789642,Low
Colombia,2024-07-21,137.143,0.1049181306100403,Low
Colombia,2024-07-22,137.143,0.1049181306100403,Low
Colombia,2024-07-23,137.143,0.1049181306100403,Low
Colombia,2024-07-24,137.143,0.1049181306100403,Low
Colombia,2024-07-25,137.143,0.1049181306100403,Low
Colombia,2024-07-26,137.143,0.1049181306100403,Low
Colombia,2024-07-27,137.143,0.1049181306100403,Low
Colombia,2024-07-28,151.714,0.1160653425065199,Low
Colombia,2024-07-29,151.714,0.1160653425065199,Low
Colombia,2024-07-30,151.714,0.1160653425065199,Low
Colombia,2024-07-31,151.714,0.1160653425065199,Low
Colombia,2024-08-01,151.714,0.1160653425065199,Low
Colombia,2024-08-02,151.714,0.1160653425065199,Low
Colombia,2024-08-03,151.714,0.1160653425065199,Low
Colombia,2024-08-04,139.429,0.1066669828779253,Low
Ecuador,2024-01-01,108.143,0.08273234068499,Low
Ecuador,2024-01-02,108.143,0.08273234068499,Low
Ecuador,2024-01-03,108.143,0.08273234068499,Low
Ecuador,2024-01-04,108.143,0.08273234068499,Low
Ecuador,2024-01-05,108.143,0.08273234068499,Low
Ecuador,2024-01-06,108.143,0.08273234068499,Low
Ecuador,2024-01-07,104.857,0.0802184611783102,Low
Ecuador,2024-01-08,104.857,0.0802184611783102,Low
Ecuador,2024-01-09,104.857,0.0802184611783102,Low
Ecuador,2024-01-10,104.857,0.0802184611783102,Low
Ecuador,2024-01-11,104.857,0.0802184611783102,Low
Ecuador,2024-01-12,104.857,0.0802184611783102,Low
Ecuador,2024-01-13,104.857,0.0802184611783102,Low
Ecuador,2024-01-14,150.714,0.1153003152677251,Low
Ecuador,2024-01-15,150.714,0.1153003152677251,Low
Ecuador,2024-01-16,150.714,0.1153003152677251,Low
Ecuador,2024-01-17,150.714,0.1153003152677251,Low
Ecuador,2024-01-18,150.714,0.1153003152677251,Low
Ecuador,2024-01-19,150.714,0.1153003152677251,Low
Ecuador,2024-01-20,150.714,0.1153003152677251,Low
Ecuador,2024-01-21,122.714,0.0938795525814696,Low
Ecuador,2024-01-22,122.714,0.0938795525814696,Low
Ecuador,2024-01-23,122.714,0.0938795525814696,Low
Ecuador,2024-01-24,122.714,0.0938795525814696,Low
Ecuador,2024-01-25,122.714,0.0938795525814696,Low
Ecuador,2024-01-26,122.714,0.0938795525814696,Low
Ecuador,2024-01-27,122.714,0.0938795525814696,Low
Ecuador,2024-01-28,83.286,0.0637160586102668,Low
Ecuador,2024-01-29,83.286,0.0637160586102668,Low
Ecuador,2024-01-30,83.286,0.0637160586102668,Low
Ecuador,2024-01-31,83.286,0.0637160586102668,Low
Ecuador,2024-02-01,83.286,0.0637160586102668,Low
Ecuador,2024-02-02,83.286,0.0637160586102668,Low
Ecuador,2024-02-03,83.286,0.0637160586102668,Low
Ecuador,2024-02-04,78.714,0.0602183540744968,Low
Ecuador,2024-02-05,78.714,0.0602183540744968,Low
Ecuador,2024-02-06,78.714,0.0602183540744968,Low
Ecuador,2024-02-07,78.714,0.0602183540744968,Low
Ecuador,2024-02-08,78.714,0.0602183540744968,Low
Ecuador,2024-02-09,78.714,0.0602183540744968,Low
Ecuador,2024-02-10,78.714,0.0602183540744968,Low
Ecuador,2024-02-11,67.571,0.0516936555526059,Low
Ecuador,2024-02-12,67.571,0.0516936555526059,Low
Ecuador,2024-02-13,67.571,0.0516936555526059,Low
Ecuador,2024-02-14,67.571,0.0516936555526059,Low
Ecuador,2024-02-15,67.571,0.0516936555526059,Low
Ecuador,2024-02-16,67.571,0.0516936555526059,Low
Ecuador,2024-02-17,67.571,0.0516936555526059,Low
Ecuador,2024-02-18,59.286,0.0453554048791907,Low
Ecuador,2024-02-19,59.286,0.0453554048791907,Low
Ecuador,2024-02-20,59.286,0.0453554048791907,Low
Ecuador,2024-02-21,59.286,0.0453554048791907,Low
Ecuador,2024-02-22,59.286,0.0453554048791907,Low
Ecuador,2024-02-23,59.286,0.0453554048791907,Low
Ecuador,2024-02-24,59.286,0.0453554048791907,Low
Ecuador,2024-02-25,73.143,0.0559563873271707,Low
Ecuador,2024-02-26,73.143,0.0559563873271707,Low
Ecuador,2024-02-27,73.143,0.0559563873271707,Low
Ecuador,2024-02-28,73.143,0.0559563873271707,Low
Ecuador,2024-02-29,73.143,0.0559563873271707,Low
Ecuador,2024-03-01,73.143,0.0559563873271707,Low
Ecuador,2024-03-02,73.143,0.0559563873271707,Low
Ecuador,2024-03-03,83.0,0.0634972608199715,Low
Ecuador,2024-03-04,83.0,0.0634972608199715,Low
Ecuador,2024-03-05,83.0,0.0634972608199715,Low
Ecuador,2024-03-06,83.0,0.0634972608199715,Low
Ecuador,2024-03-07,83.0,0.0634972608199715,Low
Ecuador,2024-03-08,83.0,0.0634972608199715,Low
Ecuador,2024-03-09,83.0,0.0634972608199715,Low
Ecuador,2024-03-10,70.571,0.0539887372689904,Low
Ecuador,2024-03-11,70.571,0.0539887372689904,Low
Ecuador,2024-03-12,70.571,0.0539887372689904,Low
Ecuador,2024-03-13,70.571,0.0539887372689904,Low
Ecuador,2024-03-14,70.571,0.0539887372689904,Low
Ecuador,2024-03-15,70.571,0.0539887372689904,Low
Ecuador,2024-03-16,70.571,0.0539887372689904,Low
Ecuador,2024-03-17,58.429,0.0446997765355435,Low
Ecuador,2024-03-18,58.429,0.0446997765355435,Low
Ecuador,2024-03-19,58.429,0.0446997765355435,Low
Ecuador,2024-03-20,58.429,0.0446997765355435,Low
Ecuador,2024-03-21,58.429,0.0446997765355435,Low
Ecuador,2024-03-22,58.429,0.0446997765355435,Low
Ecuador,2024-03-23,58.429,0.0446997765355435,Low
Ecuador,2024-03-24,54.429,0.0416396675803642,Low
Ecuador,2024-03-25,54.429,0.0416396675803642,Low
Ecuador,2024-03-26,54.429,0.0416396675803642,Low
Ecuador,2024-03-27,54.429,0.0416396675803642,Low
Ecuador,2024-03-28,54.429,0.0416396675803642,Low
Ecuador,2024-03-29,54.429,0.0416396675803642,Low
Ecuador,2024-03-30,54.429,0.0416396675803642,Low
Ecuador,2024-03-31,33.286,0.0254646966705249,Low
Ecuador,2024-04-01,33.286,0.0254646966705249,Low
Ecuador,2024-04-02,33.286,0.0254646966705249,Low
Ecuador,2024-04-03,33.286,0.0254646966705249,Low
Ecuador,2024-04-04,33.286,0.0254646966705249,Low
Ecuador,2024-04-05,33.286,0.0254646966705249,Low
Ecuador,2024-04-06,33.286,0.0254646966705249,Low
Ecuador,2024-04-07,26.429,0.0202189048941087,Low
Ecuador,2024-04-08,26.429,0.0202189048941087,Low
Ecuador,2024-04-09,26.429,0.0202189048941087,Low
Ecuador,2024-04-10,26.429,0.0202189048941087,Low
Ecuador,2024-04-11,26.429,0.0202189048941087,Low
Ecuador,2024-04-12,26.429,0.0202189048941087,Low
Ecuador,2024-04-13,26.429,0.0202189048941087,Low
Ecuador,2024-04-14,12.714,0.0097265563140375,Low
Ecuador,2024-04-15,12.714,0.0097265563140375,Low
Ecuador,2024-04-16,12.714,0.0097265563140375,Low
Ecuador,2024-04-17,12.714,0.0097265563140375,Low
Ecuador,2024-04-18,12.714,0.0097265563140375,Low
Ecuador,2024-04-19,12.714,0.0097265563140375,Low
Ecuador,2024-04-20,12.714,0.0097265563140375,Low
Ecuador,2024-04-21,11.143,0.0085246985218908,Low
Ecuador,2024-04-22,11.143,0.0085246985218908,Low
Ecuador,2024-04-23,11.143,0.0085246985218908,Low
Ecuador,2024-04-24,11.143,0.0085246985218908,Low
Ecuador,2024-04-25,11.143,0.0085246985218908,Low
Ecuador,2024-04-26,11.143,0.0085246985218908,Low
Ecuador,2024-04-27,11.143,0.0085246985218908,Low
Ecuador,2024-04-28,3.0,0.0022950817163845,Low
Ecuador,2024-04-29,3.0,0.0022950817163845,Low
Ecuador,2024-04-30,3.0,0.0022950817163845,Low
Ecuador,2024-05-01,3.0,0.0022950817163845,Low
Ecuador,2024-05-02,3.0,0.0022950817163845,Low
Ecuador,2024-05-03,3.0,0.0022950817163845,Low
Ecuador,2024-05-04,3.0,0.0022950817163845,Low
Ecuador,2024-05-05,5.0,0.0038251361939741,Low
Ecuador,2024-05-06,5.0,0.0038251361939741,Low
Ecuador,2024-05-07,5.0,0.0038251361939741,Low
Ecuador,2024-05-08,5.0,0.0038251361939741,Low
Ecuador,2024-05-09,5.0,0.0038251361939741,Low
Ecuador,2024-05-10,5.0,0.0038251361939741,Low
Ecuador,2024-05-11,5.0,0.0038251361939741,Low
Ecuador,2024-05-12,7.429,0.0056833873570068,Low
Ecuador,2024-05-13,7.429,0.0056833873570068,Low
Ecuador,2024-05-14,7.429,0.0056833873570068,Low
Ecuador,2024-05-15,7.429,0.0056833873570068,Low
Ecuador,2024-05-16,7.429,0.0056833873570068,Low
Ecuador,2024-05-17,7.429,0.0056833873570068,Low
Ecuador,2024-05-18,7.429,0.0056833873570068,Low
Ecuador,2024-05-19,7.857,0.006010819015211,Low
Ecuador,2024-05-20,7.857,0.006010819015211,Low
Ecuador,2024-05-21,7.857,0.006010819015211,Low
Ecuador,2024-05-22,7.857,0.006010819015211,Low
Ecuador,2024-05-23,7.857,0.006010819015211,Low
Ecuador,2024-05-24,7.857,0.006010819015211,Low
Ecuador,2024-05-25,7.857,0.006010819015211,Low
Ecuador,2024-05-26,10.143,0.007759671283096,Low
Ecuador,2024-05-27,10.143,0.007759671283096,Low
Ecuador,2024-05-28,10.143,0.007759671283096,Low
Ecuador,2024-05-29,10.143,0.007759671283096,Low
Ecuador,2024-05-30,10.143,0.007759671283096,Low
Ecuador,2024-05-31,10.143,0.007759671283096,Low
Ecuador,2024-06-01,10.143,0.007759671283096,Low
Ecuador,2024-06-02,8.857,0.0067758462540058,Low
Ecuador,2024-06-03,8.857,0.0067758462540058,Low
Ecuador,2024-06-04,8.857,0.0067758462540058,Low
Ecuador,2024-06-05,8.857,0.0067758462540058,Low
Ecuador,2024-06-06,8.857,0.0067758462540058,Low
Ecuador,2024-06-07,8.857,0.0067758462540058,Low
Ecuador,2024-06-08,8.857,0.0067758462540058,Low
Ecuador,2024-06-09,14.714,0.0112566107916272,Low
Ecuador,2024-06-10,14.714,0.0112566107916272,Low
Ecuador,2024-06-11,14.714,0.0112566107916272,Low
Ecuador,2024-06-12,14.714,0.0112566107916272,Low
Ecuador,2024-06-13,14.714,0.0112566107916272,Low
Ecuador,2024-06-14,14.714,0.0112566107916272,Low
Ecuador,2024-06-15,14.714,0.0112566107916272,Low
Ecuador,2024-06-16,16.429,0.0125686325061603,Low
Ecuador,2024-06-17,16.429,0.0125686325061603,Low
Ecuador,2024-06-18,16.429,0.0125686325061603,Low
Ecuador,2024-06-19,16.429,0.0125686325061603,Low
Ecuador,2024-06-20,16.429,0.0125686325061603,Low
Ecuador,2024-06-21,16.429,0.0125686325061603,Low
Ecuador,2024-06-22,16.429,0.0125686325061603,Low
Ecuador,2024-06-23,15.571,0.0119122391352744,Low
Ecuador,2024-06-24,15.571,0.0119122391352744,Low
Ecuador,2024-06-25,15.571,0.0119122391352744,Low
Ecuador,2024-06-26,15.571,0.0119122391352744,Low
Ecuador,2024-06-27,15.571,0.0119122391352744,Low
Ecuador,2024-06-28,15.571,0.0119122391352744,Low
Ecuador,2024-06-29,15.571,0.0119122391352744,Low
Ecuador,2024-06-30,18.286,0.0139892880886023,Low
Ecuador,2024-07-01,18.286,0.0139892880886023,Low
Ecuador,2024-07-02,18.286,0.0139892880886023,Low
Ecuador,2024-07-03,18.286,0.0139892880886023,Low
Ecuador,2024-07-04,18.286,0.0139892880886023,Low
Ecuador,2024-07-05,18.286,0.0139892880886023,Low
Ecuador,2024-07-06,18.286,0.0139892880886023,Low
Ecuador,2024-07-07,14.429,0.0110385780285707,Low
Ecuador,2024-07-08,14.429,0.0110385780285707,Low
Ecuador,2024-07-09,14.429,0.0110385780285707,Low
Ecuador,2024-07-10,14.429,0.0110385780285707,Low
Ecuador,2024-07-11,14.429,0.0110385780285707,Low
Ecuador,2024-07-12,14.429,0.0110385780285707,Low
Ecuador,2024-07-13,14.429,0.0110385780285707,Low
Ecuador,2024-07-14,11.714,0.0089615290752427,Low
Ecuador,2024-07-15,11.714,0.0089615290752427,Low
Ecuador,2024-07-16,11.714,0.0089615290752427,Low
Ecuador,2024-07-17,11.714,0.0089615290752427,Low
Ecuador,2024-07-18,11.714,0.0089615290752427,Low
Ecuador,2024-07-19,11.714,0.0089615290752427,Low
Ecuador,2024-07-20,11.714,0.0089615290752427,Low
Ecuador,2024-07-21,22.429,0.0171587959389294,Low
Ecuador,2024-07-22,22.429,0.0171587959389294,Low
Ecuador,2024-07-23,22.429,0.0171587959389294,Low
Ecuador,2024-07-24,22.429,0.0171587959389294,Low
Ecuador,2024-07-25,22.429,0.0171587959389294,Low
Ecuador,2024-07-26,22.429,0.0171587959389294,Low
Ecuador,2024-07-27,22.429,0.0171587959389294,Low
Ecuador,2024-07-28,23.714,0.0181418559407807,Low
Ecuador,2024-07-29,23.714,0.0181418559407807,Low
Ecuador,2024-07-30,23.714,0.0181418559407807,Low
Ecuador,2024-07-31,23.714,0.0181418559407807,Low
Ecuador,2024-08-01,23.714,0.0181418559407807,Low
Ecuador,2024-08-02,23.714,0.0181418559407807,Low
Ecuador,2024-08-03,23.714,0.0181418559407807,Low
Ecuador,2024-08-04,22.429,0.0171587959389294,Low
Paraguay,2024-01-01,0.0,0.0,Low
Paraguay,2024-01-02,0.0,0.0,Low
Paraguay,2024-01-03,0.0,0.0,Low
Paraguay,2024-01-04,0.0,0.0,Low
Paraguay,2024-01-05,0.0,0.0,Low
Paraguay,2024-01-06,0.0,0.0,Low
Paraguay,2024-01-07,0.0,0.0,Low
Paraguay,2024-01-08,0.0,0.0,Low
Paraguay,2024-01-09,0.0,0.0,Low
Paraguay,2024-01-10,0.0,0.0,Low
Paraguay,2024-01-11,0.0,0.0,Low
Paraguay,2024-01-12,0.0,0.0,Low
Paraguay,2024-01-13,0.0,0.0,Low
Paraguay,2024-01-14,0.0,0.0,Low
Paraguay,2024-01-15,0.0,0.0,Low
Paraguay,2024-01-16,0.0,0.0,Low
Paraguay,2024-01-17,0.0,0.0,Low
Paraguay,2024-01-18,0.0,0.0,Low
Paraguay,2024-01-19,0.0,0.0,Low
Paraguay,2024-01-20,0.0,0.0,Low
Paraguay,2024-01-21,0.0,0.0,Low
Paraguay,2024-01-22,0.0,0.0,Low
Paraguay,2024-01-23,0.0,0.0,Low
Paraguay,2024-01-24,0.0,0.0,Low
Paraguay,2024-01-25,0.0,0.0,Low
Paraguay,2024-01-26,0.0,0.0,Low
Paraguay,2024-01-27,0.0,0.0,Low
Paraguay,2024-01-28,0.0,0.0,Low
Paraguay,2024-01-29,0.0,0.0,Low
Paraguay,2024-01-30,0.0,0.0,Low
Paraguay,2024-01-31,0.0,0.0,Low
Paraguay,2024-02-01,0.0,0.0,Low
Paraguay,2024-02-02,0.0,0.0,Low
Paraguay,2024-02-03,0.0,0.0,Low
Paraguay,2024-02-04,0.0,0.0,Low
Paraguay,2024-02-05,0.0,0.0,Low
Paraguay,2024-02-06,0.0,0.0,Low
Paraguay,2024-02-07,0.0,0.0,Low
Paraguay,2024-02-08,0.0,0.0,Low
Paraguay,2024-02-09,0.0,0.0,Low
Paraguay,2024-02-10,0.0,0.0,Low
Paraguay,2024-02-11,0.0,0.0,Low
Paraguay,2024-02-12,0.0,0.0,Low
Paraguay,2024-02-13,0.0,0.0,Low
Paraguay,2024-02-14,0.0,0.0,Low
Paraguay,2024-02-15,0.0,0.0,Low
Paraguay,2024-02-16,0.0,0.0,Low
Paraguay,2024-02-17,0.0,0.0,Low
Paraguay,2024-02-18,0.0,0.0,Low
Paraguay,2024-02-19,0.0,0.0,Low
Paraguay,2024-02-20,0.0,0.0,Low
Paraguay,2024-02-21,0.0,0.0,Low
Paraguay,2024-02-22,0.0,0.0,Low
Paraguay,2024-02-23,0.0,0.0,Low
Paraguay,2024-02-24,0.0,0.0,Low
Paraguay,2024-02-25,0.0,0.0,Low
Paraguay,2024-02-26,0.0,0.0,Low
Paraguay,2024-02-27,0.0,0.0,Low
Paraguay,2024-02-28,0.0,0.0,Low
Paraguay,2024-02-29,0.0,0.0,Low
Paraguay,2024-03-01,0.0,0.0,Low
Paraguay,2024-03-02,0.0,0.0,Low
Paraguay,2024-03-03,0.0,0.0,Low
Paraguay,2024-03-04,0.0,0.0,Low
Paraguay,2024-03-05,0.0,0.0,Low
Paraguay,2024-03-06,0.0,0.0,Low
Paraguay,2024-03-07,0.0,0.0,Low
Paraguay,2024-03-08,0.0,0.0,Low
Paraguay,2024-03-09,0.0,0.0,Low
Paraguay,2024-03-10,0.0,0.0,Low
Paraguay,2024-03-11,0.0,0.0,Low
Paraguay,2024-03-12,0.0,0.0,Low
Paraguay,2024-03-13,0.0,0.0,Low
Paraguay,2024-03-14,0.0,0.0,Low
Paraguay,2024-03-15,0.0,0.0,Low
Paraguay,2024-03-16,0.0,0.0,Low
Paraguay,2024-03-17,0.0,0.0,Low
Paraguay,2024-03-18,0.0,0.0,Low
Paraguay,2024-03-19,0.0,0.0,Low
Paraguay,2024-03-20,0.0,0.0,Low
Paraguay,2024-03-21,0.0,0.0,Low
Paraguay,2024-03-22,0.0,0.0,Low
Paraguay,2024-03-23,0.0,0.0,Low
Paraguay,2024-03-24,0.0,0.0,Low
Paraguay,2024-03-25,0.0,0.0,Low
Paraguay,2024-03-26,0.0,0.0,Low
Paraguay,2024-03-27,0.0,0.0,Low
Paraguay,2024-03-28,0.0,0.0,Low
Paraguay,2024-03-29,0.0,0.0,Low
Paraguay,2024-03-30,0.0,0.0,Low
Paraguay,2024-03-31,0.0,0.0,Low
Paraguay,2024-04-01,0.0,0.0,Low
Paraguay,2024-04-02,0.0,0.0,Low
Paraguay,2024-04-03,0.0,0.0,Low
Paraguay,2024-04-04,0.0,0.0,Low
Paraguay,2024-04-05,0.0,0.0,Low
Paraguay,2024-04-06,0.0,0.0,Low
Paraguay,2024-04-07,0.0,0.0,Low
Paraguay,2024-04-08,0.0,0.0,Low
Paraguay,2024-04-09,0.0,0.0,Low
Paraguay,2024-04-10,0.0,0.0,Low
Paraguay,2024-04-11,0.0,0.0,Low
Paraguay,2024-04-12,0.0,0.0,Low
Paraguay,2024-04-13,0.0,0.0,Low
Paraguay,2024-04-14,0.0,0.0,Low
Paraguay,2024-04-15,0.0,0.0,Low
Paraguay,2024-04-16,0.0,0.0,Low
Paraguay,2024-04-17,0.0,0.0,Low
Paraguay,2024-04-18,0.0,0.0,Low
Paraguay,2024-04-19,0.0,0.0,Low
Paraguay,2024-04-20,0.0,0.0,Low
Paraguay,2024-04-21,0.0,0.0,Low
Paraguay,2024-04-22,0.0,0.0,Low
Paraguay,2024-04-23,0.0,0.0,Low
Paraguay,2024-04-24,0.0,0.0,Low
Paraguay,2024-04-25,0.0,0.0,Low
Paraguay,2024-04-26,0.0,0.0,Low
Paraguay,2024-04-27,0.0,0.0,Low
Paraguay,2024-04-28,0.0,0.0,Low
Paraguay,2024-04-29,0.0,0.0,Low
Paraguay,2024-04-30,0.0,0.0,Low
Paraguay,2024-05-01,0.0,0.0,Low
Paraguay,2024-05-02,0.0,0.0,Low
Paraguay,2024-05-03,0.0,0.0,Low
Paraguay,2024-05-04,0.0,0.0,Low
Paraguay,2024-05-05,0.0,0.0,Low
Paraguay,2024-05-06,0.0,0.0,Low
Paraguay,2024-05-07,0.0,0.0,Low
Paraguay,2024-05-08,0.0,0.0,Low
Paraguay,2024-05-09,0.0,0.0,Low
Paraguay,2024-05-10,0.0,0.0,Low
Paraguay,2024-05-11,0.0,0.0,Low
Paraguay,2024-05-12,0.0,0.0,Low
Paraguay,2024-05-13,0.0,0.0,Low
Paraguay,2024-05-14,0.0,0.0,Low
Paraguay,2024-05-15,0.0,0.0,Low
Paraguay,2024-05-16,0.0,0.0,Low
Paraguay,2024-05-17,0.0,0.0,Low
Paraguay,2024-05-18,0.0,0.0,Low
Paraguay,2024-05-19,0.0,0.0,Low
Paraguay,2024-05-20,0.0,0.0,Low
Paraguay,2024-05-21,0.0,0.0,Low
Paraguay,2024-05-22,0.0,0.0,Low
Paraguay,2024-05-23,0.0,0.0,Low
Paraguay,2024-05-24,0.0,0.0,Low
Paraguay,2024-05-25,0.0,0.0,Low
Paraguay,2024-05-26,0.0,0.0,Low
Paraguay,2024-05-27,0.0,0.0,Low
Paraguay,2024-05-28,0.0,0.0,Low
Paraguay,2024-05-29,0.0,0.0,Low
Paraguay,2024-05-30,0.0,0.0,Low
Paraguay,2024-05-31,0.0,0.0,Low
Paraguay,2024-06-01,0.0,0.0,Low
Paraguay,2024-06-02,0.0,0.0,Low
Paraguay,2024-06-03,0.0,0.0,Low
Paraguay,2024-06-04,0.0,0.0,Low
Paraguay,2024-06-05,0.0,0.0,Low
Paraguay,2024-06-06,0.0,0.0,Low
Paraguay,2024-06-07,0.0,0.0,Low
Paraguay,2024-06-08,0.0,0.0,Low
Paraguay,2024-06-09,0.0,0.0,Low
Paraguay,2024-06-10,0.0,0.0,Low
Paraguay,2024-06-11,0.0,0.0,Low
Paraguay,2024-06-12,0.0,0.0,Low
Paraguay,2024-06-13,0.0,0.0,Low
Paraguay,2024-06-14,0.0,0.0,Low
Paraguay,2024-06-15,0.0,0.0,Low
Paraguay,2024-06-16,0.0,0.0,Low
Paraguay,2024-06-17,0.0,0.0,Low
Paraguay,2024-06-18,0.0,0.0,Low
Paraguay,2024-06-19,0.0,0.0,Low
Paraguay,2024-06-20,0.0,0.0,Low
Paraguay,2024-06-21,0.0,0.0,Low
Paraguay,2024-06-22,0.0,0.0,Low
Paraguay,2024-06-23,0.0,0.0,Low
Paraguay,2024-06-24,0.0,0.0,Low
Paraguay,2024-06-25,0.0,0.0,Low
Paraguay,2024-06-26,0.0,0.0,Low
Paraguay,2024-06-27,0.0,0.0,Low
Paraguay,2024-06-28,0.0,0.0,Low
Paraguay,2024-06-29,0.0,0.0,Low
Paraguay,2024-06-30,0.0,0.0,Low
Paraguay,2024-07-01,0.0,0.0,Low
Paraguay,2024-07-02,0.0,0.0,Low
Paraguay,2024-07-03,0.0,0.0,Low
Paraguay,2024-07-04,0.0,0.0,Low
Paraguay,2024-07-05,0.0,0.0,Low
Paraguay,2024-07-06,0.0,0.0,Low
Paraguay,2024-07-07,0.0,0.0,Low
Paraguay,2024-07-08,0.0,0.0,Low
Paraguay,2024-07-09,0.0,0.0,Low
Paraguay,2024-07-10,0.0,0.0,Low
Paraguay,2024-07-11,0.0,0.0,Low
Paraguay,2024-07-12,0.0,0.0,Low
Paraguay,2024-07-13,0.0,0.0,Low
Paraguay,2024-07-14,0.0,0.0,Low
Paraguay,2024-07-15,0.0,0.0,Low
Paraguay,2024-07-16,0.0,0.0,Low
Paraguay,2024-07-17,0.0,0.0,Low
Paraguay,2024-07-18,0.0,0.0,Low
Paraguay,2024-07-19,0.0,0.0,Low
Paraguay,2024-07-20,0.0,0.0,Low
Paraguay,2024-07-21,0.0,0.0,Low
Paraguay,2024-07-22,0.0,0.0,Low
Paraguay,2024-07-23,0.0,0.0,Low
Paraguay,2024-07-24,0.0,0.0,Low
Paraguay,2024-07-25,0.0,0.0,Low
Paraguay,2024-07-26,0.0,0.0,Low
Paraguay,2024-07-27,0.0,0.0,Low
Paraguay,2024-07-28,0.0,0.0,Low
Paraguay,2024-07-29,0.0,0.0,Low
Paraguay,2024-07-30,0.0,0.0,Low
Paraguay,2024-07-31,0.0,0.0,Low
Paraguay,2024-08-01,0.0,0.0,Low
Paraguay,2024-08-02,0.0,0.0,Low
Paraguay,2024-08-03,0.0,0.0,Low
Paraguay,2024-08-04,0.0,0.0,Low
Peru,2024-01-01,0.0,0.0,Low
Peru,2024-01-02,0.0,0.0,Low
Peru,2024-01-03,0.0,0.0,Low
Peru,2024-01-04,0.0,0.0,Low
Peru,2024-01-05,0.0,0.0,Low
Peru,2024-01-06,0.0,0.0,Low
Peru,2024-01-07,1307.143,1.0,High
Peru,2024-01-08,1307.143,1.0,High
Peru,2024-01-09,1307.143,1.0,High
Peru,2024-01-10,1307.143,1.0,High
Peru,2024-01-11,1307.143,1.0,High
Peru,2024-01-12,1307.143,1.0,High
Peru,2024-01-13,1307.143,1.0,High
Peru,2024-01-14,666.0,0.5095081410373616,Medium
Peru,2024-01-15,666.0,0.5095081410373616,Medium
Peru,2024-01-16,666.0,0.5095081410373616,Medium
Peru,2024-01-17,666.0,0.5095081410373616,Medium
Peru,2024-01-18,666.0,0.5095081410373616,Medium
Peru,2024-01-19,666.0,0.5095081410373616,Medium
Peru,2024-01-20,666.0,0.5095081410373616,Medium
Peru,2024-01-21,343.429,0.2627325395920721,Medium
Peru,2024-01-22,343.429,0.2627325395920721,Medium
Peru,2024-01-23,343.429,0.2627325395920721,Medium
Peru,2024-01-24,343.429,0.2627325395920721,Medium
Peru,2024-01-25,343.429,0.2627325395920721,Medium
Peru,2024-01-26,343.429,0.2627325395920721,Medium
Peru,2024-01-27,343.429,0.2627325395920721,Medium
Peru,2024-01-28,309.571,0.2368302473409566,Medium
Peru,2024-01-29,309.571,0.2368302473409566,Medium
Peru,2024-01-30,309.571,0.2368302473409566,Medium
Peru,2024-01-31,309.571,0.2368302473409566,Medium
Peru,2024-02-01,309.571,0.2368302473409566,Medium
Peru,2024-02-02,309.571,0.2368302473409566,Medium
Peru,2024-02-03,309.571,0.2368302473409566,Medium
Peru,2024-02-04,92.714,0.0709287354176245,Low
Peru,2024-02-05,92.714,0.0709287354176245,Low
Peru,2024-02-06,92.714,0.0709287354176245,Low
Peru,2024-02-07,92.714,0.0709287354176245,Low
Peru,2024-02-08,92.714,0.0709287354176245,Low
Peru,2024-02-09,92.714,0.0709287354176245,Low
Peru,2024-02-10,92.714,0.0709287354176245,Low
Peru,2024-02-11,63.571,0.0486335465974265,Low
Peru,2024-02-12,63.571,0.0486335465974265,Low
Peru,2024-02-13,63.571,0.0486335465974265,Low
Peru,2024-02-14,63.571,0.0486335465974265,Low
Peru,2024-02-15,63.571,0.0486335465974265,Low
Peru,2024-02-16,63.571,0.0486335465974265,Low
Peru,2024-02-17,63.571,0.0486335465974265,Low
Peru,2024-02-18,49.143,0.0375957335960946,Low
Peru,2024-02-19,49.143,0.0375957335960946,Low
Peru,2024-02-20,49.143,0.0375957335960946,Low
Peru,2024-02-21,49.143,0.0375957335960946,Low
Peru,2024-02-22,49.143,0.0375957335960946,Low
Peru,2024-02-23,49.143,0.0375957335960946,Low
Peru,2024-02-24,49.143,0.0375957335960946,Low
Peru,2024-02-25,41.429,0.0316943134760313,Low
Peru,2024-02-26,41.429,0.0316943134760313,Low
Peru,2024-02-27,41.429,0.0316943134760313,Low
Peru,2024-02-28,41.429,0.0316943134760313,Low
Peru,2024-02-29,41.429,0.0316943134760313,Low
Peru,2024-03-01,41.429,0.0316943134760313,Low
Peru,2024-03-02,41.429,0.0316943134760313,Low
Peru,2024-03-03,38.143,0.0291804339693514,Low
Peru,2024-03-04,38.143,0.0291804339693514,Low
Peru,2024-03-05,38.143,0.0291804339693514,Low
Peru,2024-03-06,38.143,0.0291804339693514,Low
Peru,2024-03-07,38.143,0.0291804339693514,Low
Peru,2024-03-08,38.143,0.0291804339693514,Low
Peru,2024-03-09,38.143,0.0291804339693514,Low
Peru,2024-03-10,28.714,0.0219669921347549,Low
Peru,2024-03-11,28.714,0.0219669921347549,Low
Peru,2024-03-12,28.714,0.0219669921347549,Low
Peru,2024-03-13,28.714,0.0219669921347549,Low
Peru,2024-03-14,28.714,0.0219669921347549,Low
Peru,2024-03-15,28.714,0.0219669921347549,Low
Peru,2024-03-16,28.714,0.0219669921347549,Low
Peru,2024-03-17,22.286,0.0170493970437817,Low
Peru,2024-03-18,22.286,0.0170493970437817,Low
Peru,2024-03-19,22.286,0.0170493970437817,Low
Peru,2024-03-20,22.286,0.0170493970437817,Low
Peru,2024-03-21,22.286,0.0170493970437817,Low
Peru,2024-03-22,22.286,0.0170493970437817,Low
Peru,2024-03-23,22.286,0.0170493970437817,Low
Peru,2024-03-24,15.429,0.0118036052673655,Low
Peru,2024-03-25,15.429,0.0118036052673655,Low
Peru,2024-03-26,15.429,0.0118036052673655,Low
Peru,2024-03-27,15.429,0.0118036052673655,Low
Peru,2024-03-28,15.429,0.0118036052673655,Low
Peru,2024-03-29,15.429,0.0118036052673655,Low
Peru,2024-03-30,15.429,0.0118036052673655,Low
Peru,2024-03-31,12.571,0.0096171574188899,Low
Peru,2024-04-01,12.571,0.0096171574188899,Low
Peru,2024-04-02,12.571,0.0096171574188899,Low
Peru,2024-04-03,12.571,0.0096171574188899,Low
Peru,2024-04-04,12.571,0.0096171574188899,Low
Peru,2024-04-05,12.571,0.0096171574188899,Low
Peru,2024-04-06,12.571,0.0096171574188899,Low
Peru,2024-04-07,14.429,0.0110385780285707,Low
Peru,2024-04-08,14.429,0.0110385780285707,Low
Peru,2024-04-09,14.429,0.0110385780285707,Low
Peru,2024-04-10,14.429,0.0110385780285707,Low
Peru,2024-04-11,14.429,0.0110385780285707,Low
Peru,2024-04-12,14.429,0.0110385780285707,Low
Peru,2024-04-13,14.429,0.0110385780285707,Low
Peru,2024-04-14,13.571,0.0103821846576847,Low
Peru,2024-04-15,13.571,0.0103821846576847,Low
Peru,2024-04-16,13.571,0.0103821846576847,Low
Peru,2024-04-17,13.571,0.0103821846576847,Low
Peru,2024-04-18,13.571,0.0103821846576847,Low
Peru,2024-04-19,13.571,0.0103821846576847,Low
Peru,2024-04-20,13.571,0.0103821846576847,Low
Peru,2024-04-21,7.0,0.0053551906715638,Low
Peru,2024-04-22,7.0,0.0053551906715638,Low
Peru,2024-04-23,7.0,0.0053551906715638,Low
Peru,2024-04-24,7.0,0.0053551906715638,Low
Peru,2024-04-25,7.0,0.0053551906715638,Low
Peru,2024-04-26,7.0,0.0053551906715638,Low
Peru,2024-04-27,7.0,0.0053551906715638,Low
Peru,2024-04-28,3.429,0.0026232784018274,Low
Peru,2024-04-29,3.429,0.0026232784018274,Low
Peru,2024-04-30,3.429,0.0026232784018274,Low
Peru,2024-05-01,3.429,0.0026232784018274,Low
Peru,2024-05-02,3.429,0.0026232784018274,Low
Peru,2024-05-03,3.429,0.0026232784018274,Low
Peru,2024-05-04,3.429,0.0026232784018274,Low
Peru,2024-05-05,11.286,0.0086340974170385,Low
Peru,2024-05-06,11.286,0.0086340974170385,Low
Peru,2024-05-07,11.286,0.0086340974170385,Low
Peru,2024-05-08,11.286,0.0086340974170385,Low
Peru,2024-05-09,11.286,0.0086340974170385,Low
Peru,2024-05-10,11.286,0.0086340974170385,Low
Peru,2024-05-11,11.286,0.0086340974170385,Low
Peru,2024-05-12,6.429,0.004918360118212,Low
Peru,2024-05-13,6.429,0.004918360118212,Low
Peru,2024-05-14,6.429,0.004918360118212,Low
Peru,2024-05-15,6.429,0.004918360118212,Low
Peru,2024-05-16,6.429,0.004918360118212,Low
Peru,2024-05-17,6.429,0.004918360118212,Low
Peru,2024-05-18,6.429,0.004918360118212,Low
Peru,2024-05-19,6.571,0.0050269939861208,Low
Peru,2024-05-20,6.571,0.0050269939861208,Low
Peru,2024-05-21,6.571,0.0050269939861208,Low
Peru,2024-05-22,6.571,0.0050269939861208,Low
Peru,2024-05-23,6.571,0.0050269939861208,Low
Peru,2024-05-24,6.571,0.0050269939861208,Low
Peru,2024-05-25,6.571,0.0050269939861208,Low
Peru,2024-05-26,7.714,0.0059014201200633,Low
Peru,2024-05-27,7.714,0.0059014201200633,Low
Peru,2024-05-28,7.714,0.0059014201200633,Low
Peru,2024-05-29,7.714,0.0059014201200633,Low
Peru,2024-05-30,7.714,0.0059014201200633,Low
Peru,2024-05-31,7.714,0.0059014201200633,Low
Peru,2024-06-01,7.714,0.0059014201200633,Low
Peru,2024-06-02,9.714,0.007431474597653,Low
Peru,2024-06-03,9.714,0.007431474597653,Low
Peru,2024-06-04,9.714,0.007431474597653,Low
Peru,2024-06-05,9.714,0.007431474597653,Low
Peru,2024-06-06,9.714,0.007431474597653,Low
Peru,2024-06-07,9.714,0.007431474597653,Low
Peru,2024-06-08,9.714,0.007431474597653,Low
Peru,2024-06-09,9.857,0.0075408734928007,Low
Peru,2024-06-10,9.857,0.0075408734928007,Low
Peru,2024-06-11,9.857,0.0075408734928007,Low
Peru,2024-06-12,9.857,0.0075408734928007,Low
Peru,2024-06-13,9.857,0.0075408734928007,Low
Peru,2024-06-14,9.857,0.0075408734928007,Low
Peru,2024-06-15,9.857,0.0075408734928007,Low
Peru,2024-06-16,15.286,0.0116942063722178,Low
Peru,2024-06-17,15.286,0.0116942063722178,Low
Peru,2024-06-18,15.286,0.0116942063722178,Low
Peru,2024-06-19,15.286,0.0116942063722178,Low
Peru,2024-06-20,15.286,0.0116942063722178,Low
Peru,2024-06-21,15.286,0.0116942063722178,Low
Peru,2024-06-22,15.286,0.0116942063722178,Low
Peru,2024-06-23,10.429,0.0079784690733913,Low
Peru,2024-06-24,10.429,0.0079784690733913,Low
Peru,2024-06-25,10.429,0.0079784690733913,Low
Peru,2024-06-26,10.429,0.0079784690733913,Low
Peru,2024-06-27,10.429,0.0079784690733913,Low
Peru,2024-06-28,10.429,0.0079784690733913,Low
Peru,2024-06-29,10.429,0.0079784690733913,Low
Peru,2024-06-30,2.286,0.0017488522678849,Low
Peru,2024-07-01,2.286,0.0017488522678849,Low
Peru,2024-07-02,2.286,0.0017488522678849,Low
Peru,2024-07-03,2.286,0.0017488522678849,Low
Peru,2024-07-04,2.286,0.0017488522678849,Low
Peru,2024-07-05,2.286,0.0017488522678849,Low
Peru,2024-07-06,2.286,0.0017488522678849,Low
Peru,2024-07-07,0.0,0.0,Low
Peru,2024-07-08,0.0,0.0,Low
Peru,2024-07-09,0.0,0.0,Low
Peru,2024-07-10,0.0,0.0,Low
Peru,2024-07-11,0.0,0.0,Low
Peru,2024-07-12,0.0,0.0,Low
Peru,2024-07-13,0.0,0.0,Low
Peru,2024-07-14,0.0,0.0,Low
Peru,2024-07-15,0.0,0.0,Low
Peru,2024-07-16,0.0,0.0,Low
Peru,2024-07-17,0.0,0.0,Low
Peru,2024-07-18,0.0,0.0,Low
Peru,2024-07-19,0.0,0.0,Low
Peru,2024-07-20,0.0,0.0,Low
Peru,2024-07-21,0.0,0.0,Low
Peru,2024-07-22,0.0,0.0,Low
Peru,2024-07-23,0.0,0.0,Low
Peru,2024-07-24,0.0,0.0,Low
Peru,2024-07-25,0.0,0.0,Low
Peru,2024-07-26,0.0,0.0,Low
Peru,2024-07-27,0.0,0.0,Low
Peru,2024-07-28,0.0,0.0,Low
Peru,2024-07-29,0.0,0.0,Low
Peru,2024-07-30,0.0,0.0,Low
Peru,2024-07-31,0.0,0.0,Low
Peru,2024-08-01,0.0,0.0,Low
Peru,2024-08-02,0.0,0.0,Low
Peru,2024-08-03,0.0,0.0,Low
Peru,2024-08-04,0.0,0.0,Low
Suriname,2024-01-01,0.0,0.0,Low
Suriname,2024-01-02,0.0,0.0,Low
Suriname,2024-01-03,0.0,0.0,Low
Suriname,2024-01-04,0.0,0.0,Low
Suriname,2024-01-05,0.0,0.0,Low
Suriname,2024-01-06,0.0,0.0,Low
Suriname,2024-01-07,0.0,0.0,Low
Suriname,2024-01-08,0.0,0.0,Low
Suriname,2024-01-09,0.0,0.0,Low
Suriname,2024-01-10,0.0,0.0,Low
Suriname,2024-01-11,0.0,0.0,Low
Suriname,2024-01-12,0.0,0.0,Low
Suriname,2024-01-13,0.0,0.0,Low
Suriname,2024-01-14,0.0,0.0,Low
Suriname,2024-01-15,0.0,0.0,Low
Suriname,2024-01-16,0.0,0.0,Low
Suriname,2024-01-17,0.0,0.0,Low
Suriname,2024-01-18,0.0,0.0,Low
Suriname,2024-01-19,0.0,0.0,Low
Suriname,2024-01-20,0.0,0.0,Low
Suriname,2024-01-21,0.0,0.0,Low
Suriname,2024-01-22,0.0,0.0,Low
Suriname,2024-01-23,0.0,0.0,Low
Suriname,2024-01-24,0.0,0.0,Low
Suriname,2024-01-25,0.0,0.0,Low
Suriname,2024-01-26,0.0,0.0,Low
Suriname,2024-01-27,0.0,0.0,Low
Suriname,2024-01-28,0.0,0.0,Low
Suriname,2024-01-29,0.0,0.0,Low
Suriname,2024-01-30,0.0,0.0,Low
Suriname,2024-01-31,0.0,0.0,Low
Suriname,2024-02-01,0.0,0.0,Low
Suriname,2024-02-02,0.0,0.0,Low
Suriname,2024-02-03,0.0,0.0,Low
Suriname,2024-02-04,0.143,0.0001093988951476,Low
Suriname,2024-02-05,0.143,0.0001093988951476,Low
Suriname,2024-02-06,0.143,0.0001093988951476,Low
Suriname,2024-02-07,0.143,0.0001093988951476,Low
Suriname,2024-02-08,0.143,0.0001093988951476,Low
Suriname,2024-02-09,0.143,0.0001093988951476,Low
Suriname,2024-02-10,0.143,0.0001093988951476,Low
Suriname,2024-02-11,0.0,0.0,Low
Suriname,2024-02-12,0.0,0.0,Low
Suriname,2024-02-13,0.0,0.0,Low
Suriname,2024-02-14,0.0,0.0,Low
Suriname,2024-02-15,0.0,0.0,Low
Suriname,2024-02-16,0.0,0.0,Low
Suriname,2024-02-17,0.0,0.0,Low
Suriname,2024-02-18,0.0,0.0,Low
Suriname,2024-02-19,0.0,0.0,Low
Suriname,2024-02-20,0.0,0.0,Low
Suriname,2024-02-21,0.0,0.0,Low
Suriname,2024-02-22,0.0,0.0,Low
Suriname,2024-02-23,0.0,0.0,Low
Suriname,2024-02-24,0.0,0.0,Low
Suriname,2024-02-25,0.0,0.0,Low
Suriname,2024-02-26,0.0,0.0,Low
Suriname,2024-02-27,0.0,0.0,Low
Suriname,2024-02-28,0.0,0.0,Low
Suriname,2024-02-29,0.0,0.0,Low
Suriname,2024-03-01,0.0,0.0,Low
Suriname,2024-03-02,0.0,0.0,Low
Suriname,2024-03-03,0.0,0.0,Low
Suriname,2024-03-04,0.0,0.0,Low
Suriname,2024-03-05,0.0,0.0,Low
Suriname,2024-03-06,0.0,0.0,Low
Suriname,2024-03-07,0.0,0.0,Low
Suriname,2024-03-08,0.0,0.0,Low
Suriname,2024-03-09,0.0,0.0,Low
Suriname,2024-03-10,0.0,0.0,Low
Suriname,2024-03-11,0.0,0.0,Low
Suriname,2024-03-12,0.0,0.0,Low
Suriname,2024-03-13,0.0,0.0,Low
Suriname,2024-03-14,0.0,0.0,Low
Suriname,2024-03-15,0.0,0.0,Low
Suriname,2024-03-16,0.0,0.0,Low
Suriname,2024-03-17,0.0,0.0,Low
Suriname,2024-03-18,0.0,0.0,Low
Suriname,2024-03-19,0.0,0.0,Low
Suriname,2024-03-20,0.0,0.0,Low
Suriname,2024-03-21,0.0,0.0,Low
Suriname,2024-03-22,0.0,0.0,Low
Suriname,2024-03-23,0.0,0.0,Low
Suriname,2024-03-24,0.0,0.0,Low
Suriname,2024-03-25,0.0,0.0,Low
Suriname,2024-03-26,0.0,0.0,Low
Suriname,2024-03-27,0.0,0.0,Low
Suriname,2024-03-28,0.0,0.0,Low
Suriname,2024-03-29,0.0,0.0,Low
Suriname,2024-03-30,0.0,0.0,Low
Suriname,2024-03-31,0.0,0.0,Low
Suriname,2024-04-01,0.0,0.0,Low
Suriname,2024-04-02,0.0,0.0,Low
Suriname,2024-04-03,0.0,0.0,Low
Suriname,2024-04-04,0.0,0.0,Low
Suriname,2024-04-05,0.0,0.0,Low
Suriname,2024-04-06,0.0,0.0,Low
Suriname,2024-04-07,0.0,0.0,Low
Suriname,2024-04-08,0.0,0.0,Low
Suriname,2024-04-09,0.0,0.0,Low
Suriname,2024-04-10,0.0,0.0,Low
Suriname,2024-04-11,0.0,0.0,Low
Suriname,2024-04-12,0.0,0.0,Low
Suriname,2024-04-13,0.0,0.0,Low
Suriname,2024-04-14,0.0,0.0,Low
Suriname,2024-04-15,0.0,0.0,Low
Suriname,2024-04-16,0.0,0.0,Low
Suriname,2024-04-17,0.0,0.0,Low
Suriname,2024-04-18,0.0,0.0,Low
Suriname,2024-04-19,0.0,0.0,Low
Suriname,2024-04-20,0.0,0.0,Low
Suriname,2024-04-21,0.0,0.0,Low
Suriname,2024-04-22,0.0,0.0,Low
Suriname,2024-04-23,0.0,0.0,Low
Suriname,2024-04-24,0.0,0.0,Low
Suriname,2024-04-25,0.0,0.0,Low
Suriname,2024-04-26,0.0,0.0,Low
Suriname,2024-04-27,0.0,0.0,Low
Suriname,2024-04-28,0.0,0.0,Low
Suriname,2024-04-29,0.0,0.0,Low
Suriname,2024-04-30,0.0,0.0,Low
Suriname,2024-05-01,0.0,0.0,Low
Suriname,2024-05-02,0.0,0.0,Low
Suriname,2024-05-03,0.0,0.0,Low
Suriname,2024-05-04,0.0,0.0,Low
Suriname,2024-05-05,0.0,0.0,Low
Suriname,2024-05-06,0.0,0.0,Low
Suriname,2024-05-07,0.0,0.0,Low
Suriname,2024-05-08,0.0,0.0,Low
Suriname,2024-05-09,0.0,0.0,Low
Suriname,2024-05-10,0.0,0.0,Low
Suriname,2024-05-11,0.0,0.0,Low
Suriname,2024-05-12,0.0,0.0,Low
Suriname,2024-05-13,0.0,0.0,Low
Suriname,2024-05-14,0.0,0.0,Low
Suriname,2024-05-15,0.0,0.0,Low
Suriname,2024-05-16,0.0,0.0,Low
Suriname,2024-05-17,0.0,0.0,Low
Suriname,2024-05-18,0.0,0.0,Low
Suriname,2024-05-19,0.0,0.0,Low
Suriname,2024-05-20,0.0,0.0,Low
Suriname,2024-05-21,0.0,0.0,Low
Suriname,2024-05-22,0.0,0.0,Low
Suriname,2024-05-23,0.0,0.0,Low
Suriname,2024-05-24,0.0,0.0,Low
Suriname,2024-05-25,0.0,0.0,Low
Suriname,2024-05-26,0.143,0.0001093988951476,Low
Suriname,2024-05-27,0.143,0.0001093988951476,Low
Suriname,2024-05-28,0.143,0.0001093988951476,Low
Suriname,2024-05-29,0.143,0.0001093988951476,Low
Suriname,2024-05-30,0.143,0.0001093988951476,Low
Suriname,2024-05-31,0.143,0.0001093988951476,Low
Suriname,2024-06-01,0.143,0.0001093988951476,Low
Suriname,2024-06-02,0.0,0.0,Low
Suriname,2024-06-03,0.0,0.0,Low
Suriname,2024-06-04,0.0,0.0,Low
Suriname,2024-06-05,0.0,0.0,Low
Suriname,2024-06-06,0.0,0.0,Low
Suriname,2024-06-07,0.0,0.0,Low
Suriname,2024-06-08,0.0,0.0,Low
Suriname,2024-06-09,0.0,0.0,Low
Suriname,2024-06-10,0.0,0.0,Low
Suriname,2024-06-11,0.0,0.0,Low
Suriname,2024-06-12,0.0,0.0,Low
Suriname,2024-06-13,0.0,0.0,Low
Suriname,2024-06-14,0.0,0.0,Low
Suriname,2024-06-15,0.0,0.0,Low
Suriname,2024-06-16,0.143,0.0001093988951476,Low
Suriname,2024-06-17,0.143,0.0001093988951476,Low
Suriname,2024-06-18,0.143,0.0001093988951476,Low
Suriname,2024-06-19,0.143,0.0001093988951476,Low
Suriname,2024-06-20,0.143,0.0001093988951476,Low
Suriname,2024-06-21,0.143,0.0001093988951476,Low
Suriname,2024-06-22,0.143,0.0001093988951476,Low
Suriname,2024-06-23,0.286,0.0002187977902953,Low
Suriname,2024-06-24,0.286,0.0002187977902953,Low
Suriname,2024-06-25,0.286,0.0002187977902953,Low
Suriname,2024-06-26,0.286,0.0002187977902953,Low
Suriname,2024-06-27,0.286,0.0002187977902953,Low
Suriname,2024-06-28,0.286,0.0002187977902953,Low
Suriname,2024-06-29,0.286,0.0002187977902953,Low
Suriname,2024-06-30,0.0,0.0,Low
Suriname,2024-07-01,0.0,0.0,Low
Suriname,2024-07-02,0.0,0.0,Low
Suriname,2024-07-03,0.0,0.0,Low
Suriname,2024-07-04,0.0,0.0,Low
Suriname,2024-07-05,0.0,0.0,Low
Suriname,2024-07-06,0.0,0.0,Low
Suriname,2024-07-07,0.0,0.0,Low
Suriname,2024-07-08,0.0,0.0,Low
Suriname,2024-07-09,0.0,0.0,Low
Suriname,2024-07-10,0.0,0.0,Low
Suriname,2024-07-11,0.0,0.0,Low
Suriname,2024-07-12,0.0,0.0,Low
Suriname,2024-07-13,0.0,0.0,Low
Suriname,2024-07-14,0.143,0.0001093988951476,Low
Suriname,2024-07-15,0.143,0.0001093988951476,Low
Suriname,2024-07-16,0.143,0.0001093988951476,Low
Suriname,2024-07-17,0.143,0.0001093988951476,Low
Suriname,2024-07-18,0.143,0.0001093988951476,Low
Suriname,2024-07-19,0.143,0.0001093988951476,Low
Suriname,2024-07-20,0.143,0.0001093988951476,Low
Suriname,2024-07-21,0.0,0.0,Low
Suriname,2024-07-22,0.0,0.0,Low
Suriname,2024-07-23,0.0,0.0,Low
Suriname,2024-07-24,0.0,0.0,Low
Suriname,2024-07-25,0.0,0.0,Low
Suriname,2024-07-26,0.0,0.0,Low
Suriname,2024-07-27,0.0,0.0,Low
Suriname,2024-07-28,0.0,0.0,Low
Suriname,2024-07-29,0.0,0.0,Low
Suriname,2024-07-30,0.0,0.0,Low
Suriname,2024-07-31,0.0,0.0,Low
Suriname,2024-08-01,0.0,0.0,Low
Suriname,2024-08-02,0.0,0.0,Low
Suriname,2024-08-03,0.0,0.0,Low
Suriname,2024-08-04,0.0,0.0,Low
Uruguay,2024-01-01,0.0,0.0,Low
Uruguay,2024-01-02,0.0,0.0,Low
Uruguay,2024-01-03,0.0,0.0,Low
Uruguay,2024-01-04,0.0,0.0,Low
Uruguay,2024-01-05,0.0,0.0,Low
Uruguay,2024-01-06,0.0,0.0,Low
Uruguay,2024-01-07,31.429,0.0240440410880829,Low
Uruguay,2024-01-08,31.429,0.0240440410880829,Low
Uruguay,2024-01-09,31.429,0.0240440410880829,Low
Uruguay,2024-01-10,31.429,0.0240440410880829,Low
Uruguay,2024-01-11,31.429,0.0240440410880829,Low
Uruguay,2024-01-12,31.429,0.0240440410880829,Low
Uruguay,2024-01-13,31.429,0.0240440410880829,Low
Uruguay,2024-01-14,27.714,0.0212019648959601,Low
Uruguay,2024-01-15,27.714,0.0212019648959601,Low
Uruguay,2024-01-16,27.714,0.0212019648959601,Low
Uruguay,2024-01-17,27.714,0.0212019648959601,Low
Uruguay,2024-01-18,27.714,0.0212019648959601,Low
Uruguay,2024-01-19,27.714,0.0212019648959601,Low
Uruguay,2024-01-20,27.714,0.0212019648959601,Low
Uruguay,2024-01-21,38.143,0.0291804339693514,Low
Uruguay,2024-01-22,38.143,0.0291804339693514,Low
Uruguay,2024-01-23,38.143,0.0291804339693514,Low
Uruguay,2024-01-24,38.143,0.0291804339693514,Low
Uruguay,2024-01-25,38.143,0.0291804339693514,Low
Uruguay,2024-01-26,38.143,0.0291804339693514,Low
Uruguay,2024-01-27,38.143,0.0291804339693514,Low
Uruguay,2024-01-28,31.571,0.0241526749559918,Low
Uruguay,2024-01-29,31.571,0.0241526749559918,Low
Uruguay,2024-01-30,31.571,0.0241526749559918,Low
Uruguay,2024-01-31,31.571,0.0241526749559918,Low
Uruguay,2024-02-01,31.571,0.0241526749559918,Low
Uruguay,2024-02-02,31.571,0.0241526749559918,Low
Uruguay,2024-02-03,31.571,0.0241526749559918,Low
Uruguay,2024-02-04,38.143,0.0291804339693514,Low
Uruguay,2024-02-05,38.143,0.0291804339693514,Low
Uruguay,2024-02-06,38.143,0.0291804339693514,Low
Uruguay,2024-02-07,38.143,0.0291804339693514,Low
Uruguay,2024-02-08,38.143,0.0291804339693514,Low
Uruguay,2024-02-09,38.143,0.0291804339693514,Low
Uruguay,2024-02-10,38.143,0.0291804339693514,Low
Uruguay,2024-02-11,37.571,0.0287428383887608,Low
Uruguay,2024-02-12,37.571,0.0287428383887608,Low
Uruguay,2024-02-13,37.571,0.0287428383887608,Low
Uruguay,2024-02-14,37.571,0.0287428383887608,Low
Uruguay,2024-02-15,37.571,0.0287428383887608,Low
Uruguay,2024-02-16,37.571,0.0287428383887608,Low
Uruguay,2024-02-17,37.571,0.0287428383887608,Low
Uruguay,2024-02-18,28.857,0.0220763910299026,Low
Uruguay,2024-02-19,28.857,0.0220763910299026,Low
Uruguay,2024-02-20,28.857,0.0220763910299026,Low
Uruguay,2024-02-21,28.857,0.0220763910299026,Low
Uruguay,2024-02-22,28.857,0.0220763910299026,Low
Uruguay,2024-02-23,28.857,0.0220763910299026,Low
Uruguay,2024-02-24,28.857,0.0220763910299026,Low
Uruguay,2024-02-25,39.714,0.0303822917614981,Low
Uruguay,2024-02-26,39.714,0.0303822917614981,Low
Uruguay,2024-02-27,39.714,0.0303822917614981,Low
Uruguay,2024-02-28,39.714,0.0303822917614981,Low
Uruguay,2024-02-29,39.714,0.0303822917614981,Low
Uruguay,2024-03-01,39.714,0.0303822917614981,Low
Uruguay,2024-03-02,39.714,0.0303822917614981,Low
Uruguay,2024-03-03,44.714,0.0342074279554723,Low
Uruguay,2024-03-04,44.714,0.0342074279554723,Low
Uruguay,2024-03-05,44.714,0.0342074279554723,Low
Uruguay,2024-03-06,44.714,0.0342074279554723,Low
Uruguay,2024-03-07,44.714,0.0342074279554723,Low
Uruguay,2024-03-08,44.714,0.0342074279554723,Low
Uruguay,2024-03-09,44.714,0.0342074279554723,Low
Uruguay,2024-03-10,39.571,0.0302728928663505,Low
Uruguay,2024-03-11,39.571,0.0302728928663505,Low
Uruguay,2024-03-12,39.571,0.0302728928663505,Low
Uruguay,2024-03-13,39.571,0.0302728928663505,Low
Uruguay,2024-03-14,39.571,0.0302728928663505,Low
Uruguay,2024-03-15,39.571,0.0302728928663505,Low
Uruguay,2024-03-16,39.571,0.0302728928663505,Low
Uruguay,2024-03-17,40.429,0.0309292862372364,Low
Uruguay,2024-03-18,40.429,0.0309292862372364,Low
Uruguay,2024-03-19,40.429,0.0309292862372364,Low
Uruguay,2024-03-20,40.429,0.0309292862372364,Low
Uruguay,2024-03-21,40.429,0.0309292862372364,Low
Uruguay,2024-03-22,40.429,0.0309292862372364,Low
Uruguay,2024-03-23,40.429,0.0309292862372364,Low
Uruguay,2024-03-24,25.429,0.0194538776553139,Low
Uruguay,2024-03-25,25.429,0.0194538776553139,Low
Uruguay,2024-03-26,25.429,0.0194538776553139,Low
Uruguay,2024-03-27,25.429,0.0194538776553139,Low
Uruguay,2024-03-28,25.429,0.0194538776553139,Low
Uruguay,2024-03-29,25.429,0.0194538776553139,Low
Uruguay,2024-03-30,25.429,0.0194538776553139,Low
Uruguay,2024-03-31,16.429,0.0125686325061603,Low
Uruguay,2024-04-01,16.429,0.0125686325061603,Low
Uruguay,2024-04-02,16.429,0.0125686325061603,Low
Uruguay,2024-04-03,16.429,0.0125686325061603,Low
Uruguay,2024-04-04,16.429,0.0125686325061603,Low
Uruguay,2024-04-05,16.429,0.0125686325061603,Low
Uruguay,2024-04-06,16.429,0.0125686325061603,Low
Uruguay,2024-04-07,16.0,0.0122404358207173,Low
Uruguay,2024-04-08,16.0,0.0122404358207173,Low
Uruguay,2024-04-09,16.0,0.0122404358207173,Low
Uruguay,2024-04-10,16.0,0.0122404358207173,Low
Uruguay,2024-04-11,16.0,0.0122404358207173,Low
Uruguay,2024-04-12,16.0,0.0122404358207173,Low
Uruguay,2024-04-13,16.0,0.0122404358207173,Low
Uruguay,2024-04-14,7.0,0.0053551906715638,Low
Uruguay,2024-04-15,7.0,0.0053551906715638,Low
Uruguay,2024-04-16,7.0,0.0053551906715638,Low
Uruguay,2024-04-17,7.0,0.0053551906715638,Low
Uruguay,2024-04-18,7.0,0.0053551906715638,Low
Uruguay,2024-04-19,7.0,0.0053551906715638,Low
Uruguay,2024-04-20,7.0,0.0053551906715638,Low
Uruguay,2024-04-21,4.429,0.0033883056406223,Low
Uruguay,2024-04-22,4.429,0.0033883056406223,Low
Uruguay,2024-04-23,4.429,0.0033883056406223,Low
Uruguay,2024-04-24,4.429,0.0033883056406223,Low
Uruguay,2024-04-25,4.429,0.0033883056406223,Low
Uruguay,2024-04-26,4.429,0.0033883056406223,Low
Uruguay,2024-04-27,4.429,0.0033883056406223,Low
Uruguay,2024-04-28,2.286,0.0017488522678849,Low
Uruguay,2024-04-29,2.286,0.0017488522678849,Low
Uruguay,2024-04-30,2.286,0.0017488522678849,Low
Uruguay,2024-05-01,2.286,0.0017488522678849,Low
Uruguay,2024-05-02,2.286,0.0017488522678849,Low
Uruguay,2024-05-03,2.286,0.0017488522678849,Low
Uruguay,2024-05-04,2.286,0.0017488522678849,Low
Uruguay,2024-05-05,3.0,0.0022950817163845,Low
Uruguay,2024-05-06,3.0,0.0022950817163845,Low
Uruguay,2024-05-07,3.0,0.0022950817163845,Low
Uruguay,2024-05-08,3.0,0.0022950817163845,Low
Uruguay,2024-05-09,3.0,0.0022950817163845,Low
Uruguay,2024-05-10,3.0,0.0022950817163845,Low
Uruguay,2024-05-11,3.0,0.0022950817163845,Low
Uruguay,2024-05-12,3.286,0.0025138795066798,Low
Uruguay,2024-05-13,3.286,0.0025138795066798,Low
Uruguay,2024-05-14,3.286,0.0025138795066798,Low
Uruguay,2024-05-15,3.286,0.0025138795066798,Low
Uruguay,2024-05-16,3.286,0.0025138795066798,Low
Uruguay,2024-05-17,3.286,0.0025138795066798,Low
Uruguay,2024-05-18,3.286,0.0025138795066798,Low
Uruguay,2024-05-19,2.143,0.0016394533727373,Low
Uruguay,2024-05-20,2.143,0.0016394533727373,Low
Uruguay,2024-05-21,2.143,0.0016394533727373,Low
Uruguay,2024-05-22,2.143,0.0016394533727373,Low
Uruguay,2024-05-23,2.143,0.0016394533727373,Low
Uruguay,2024-05-24,2.143,0.0016394533727373,Low
Uruguay,2024-05-25,2.143,0.0016394533727373,Low
Uruguay,2024-05-26,1.143,0.0008744261339424,Low
Uruguay,2024-05-27,1.143,0.0008744261339424,Low
Uruguay,2024-05-28,1.143,0.0008744261339424,Low
Uruguay,2024-05-29,1.143,0.0008744261339424,Low
Uruguay,2024-05-30,1.143,0.0008744261339424,Low
Uruguay,2024-05-31,1.143,0.0008744261339424,Low
Uruguay,2024-06-01,1.143,0.0008744261339424,Low
Uruguay,2024-06-02,1.857,0.001420655582442,Low
Uruguay,2024-06-03,1.857,0.001420655582442,Low
Uruguay,2024-06-04,1.857,0.001420655582442,Low
Uruguay,2024-06-05,1.857,0.001420655582442,Low
Uruguay,2024-06-06,1.857,0.001420655582442,Low
Uruguay,2024-06-07,1.857,0.001420655582442,Low
Uruguay,2024-06-08,1.857,0.001420655582442,Low
Uruguay,2024-06-09,2.143,0.0016394533727373,Low
Uruguay,2024-06-10,2.143,0.0016394533727373,Low
Uruguay,2024-06-11,2.143,0.0016394533727373,Low
Uruguay,2024-06-12,2.143,0.0016394533727373,Low
Uruguay,2024-06-13,2.143,0.0016394533727373,Low
Uruguay,2024-06-14,2.143,0.0016394533727373,Low
Uruguay,2024-06-15,2.143,0.0016394533727373,Low
Uruguay,2024-06-16,1.0,0.0007650272387948,Low
Uruguay,2024-06-17,1.0,0.0007650272387948,Low
Uruguay,2024-06-18,1.0,0.0007650272387948,Low
Uruguay,2024-06-19,1.0,0.0007650272387948,Low
Uruguay,2024-06-20,1.0,0.0007650272387948,Low
Uruguay,2024-06-21,1.0,0.0007650272387948,Low
Uruguay,2024-06-22,1.0,0.0007650272387948,Low
Uruguay,2024-06-23,1.714,0.0013112566872943,Low
Uruguay,2024-06-24,1.714,0.0013112566872943,Low
Uruguay,2024-06-25,1.714,0.0013112566872943,Low
Uruguay,2024-06-26,1.714,0.0013112566872943,Low
Uruguay,2024-06-27,1.714,0.0013112566872943,Low
Uruguay,2024-06-28,1.714,0.0013112566872943,Low
Uruguay,2024-06-29,1.714,0.0013112566872943,Low
Uruguay,2024-06-30,0.286,0.0002187977902953,Low
Uruguay,2024-07-01,0.286,0.0002187977902953,Low
Uruguay,2024-07-02,0.286,0.0002187977902953,Low
Uruguay,2024-07-03,0.286,0.0002187977902953,Low
Uruguay,2024-07-04,0.286,0.0002187977902953,Low
Uruguay,2024-07-05,0.286,0.0002187977902953,Low
Uruguay,2024-07-06,0.286,0.0002187977902953,Low
Uruguay,2024-07-07,0.571,0.0004368305533518,Low
Uruguay,2024-07-08,0.571,0.0004368305533518,Low
Uruguay,2024-07-09,0.571,0.0004368305533518,Low
Uruguay,2024-07-10,0.571,0.0004368305533518,Low
Uruguay,2024-07-11,0.571,0.0004368305533518,Low
Uruguay,2024-07-12,0.571,0.0004368305533518,Low
Uruguay,2024-07-13,0.571,0.0004368305533518,Low
Uruguay,2024-07-14,1.143,0.0008744261339424,Low
Uruguay,2024-07-15,1.143,0.0008744261339424,Low
Uruguay,2024-07-16,1.143,0.0008744261339424,Low
Uruguay,2024-07-17,1.143,0.0008744261339424,Low
Uruguay,2024-07-18,1.143,0.0008744261339424,Low
Uruguay,2024-07-19,1.143,0.0008744261339424,Low
Uruguay,2024-07-20,1.143,0.0008744261339424,Low
Uruguay,2024-07-21,1.714,0.0013112566872943,Low
Uruguay,2024-07-22,1.714,0.0013112566872943,Low
Uruguay,2024-07-23,1.714,0.0013112566872943,Low
Uruguay,2024-07-24,1.714,0.0013112566872943,Low
Uruguay,2024-07-25,1.714,0.0013112566872943,Low
Uruguay,2024-07-26,1.714,0.0013112566872943,Low
Uruguay,2024-07-27,1.714,0.0013112566872943,Low
Uruguay,2024-07-28,1.714,0.0013112566872943,Low
Uruguay,2024-07-29,1.714,0.0013112566872943,Low
Uruguay,2024-07-30,1.714,0.0013112566872943,Low
Uruguay,2024-07-31,1.714,0.0013112566872943,Low
Uruguay,2024-08-01,1.714,0.0013112566872943,Low
Uruguay,2024-08-02,1.714,0.0013112566872943,Low
Uruguay,2024-08-03,1.714,0.0013112566872943,Low
Uruguay,2024-08-04,2.143,0.0016394533727373,Low
